Country,Year,cholera_cases
Afghanistan,2016,677.0
Afghanistan,2015,58064.0
Afghanistan,2014,45481.0
Afghanistan,2013,3957.0
Afghanistan,2012,12.0
Afghanistan,2011,3733.0
Afghanistan,2010,2369.0
Afghanistan,2009,662.0
Afghanistan,2008,4384.0
Afghanistan,2005,33.0
Afghanistan,2003,41.0
Afghanistan,2002,3.0
Afghanistan,2001,4499.0
Afghanistan,2000,4330.0
Afghanistan,1999,24639.0
Afghanistan,1998,10000.0
Afghanistan,1997,4170.0
Afghanistan,1995,19903.0
Afghanistan,1994,38735.0
Afghanistan,1993,37046.0
Afghanistan,1965,218.0
Afghanistan,1960,887.0
Albania,1994,626.0
Algeria,2006,0.0
Algeria,2005,0.0
Algeria,1994,118.0
Algeria,1992,69.0
Algeria,1990,1299.0
Algeria,1989,393.0
Algeria,1988,699.0
Algeria,1987,1507.0
Algeria,1984,45.0
Algeria,1983,218.0
Algeria,1980,614.0
Algeria,1979,2513.0
Algeria,1978,220.0
Algeria,1977,262.0
Algeria,1976,286.0
Algeria,1975,1165.0
Algeria,1974,738.0
Algeria,1973,605.0
Algeria,1972,646.0
Algeria,1971,1332.0
Angola,2016,78.0
Angola,2014,213.0
Angola,2013,6655.0
Angola,2012,1215.0
Angola,2011,1810.0
Angola,2010,1484.0
Angola,2009,2019.0
Angola,2008,10511.0
Angola,2007,18422.0
Angola,2006,67257.0
Angola,2005,0.0
Angola,1996,1306.0
Angola,1995,3295.0
Angola,1994,3443.0
Angola,1992,3608.0
Angola,1991,8590.0
Angola,1990,9527.0
Angola,1989,17601.0
Angola,1988,15500.0
Angola,1987,16222.0
Angola,1977,726.0
Angola,1975,88.0
Angola,1974,934.0
Angola,1973,263.0
Angola,1972,268.0
Angola,1971,1.0
Argentina,1998,12.0
Argentina,1997,637.0
Argentina,1996,474.0
Argentina,1995,188.0
Argentina,1994,889.0
Argentina,1993,2350.0
Armenia,1998,25.0
Australia,2016,1.0
Australia,2015,2.0
Australia,2014,2.0
Australia,2013,3.0
Australia,2012,5.0
Australia,2011,6.0
Australia,2010,3.0
Australia,2007,3.0
Australia,2006,3.0
Australia,2005,2.0
Australia,2004,2.0
Australia,2002,5.0
Australia,2001,2.0
Australia,2000,1.0
Australia,1999,4.0
Australia,1998,5.0
Australia,1997,2.0
Australia,1996,2.0
Australia,1995,5.0
Australia,1994,3.0
Australia,1993,5.0
Australia,1992,3.0
Australia,1988,1.0
Australia,1987,1.0
Australia,1985,2.0
Australia,1984,1.0
Australia,1983,4.0
Australia,1982,1.0
Australia,1981,2.0
Australia,1980,2.0
Australia,1979,1.0
Australia,1978,1.0
Australia,1977,2.0
Australia,1972,40.0
Austria,2005,1.0
Austria,2002,1.0
Austria,2001,0.0
Austria,1999,1.0
Austria,1998,1.0
Austria,1996,1.0
Austria,1994,1.0
Austria,1993,1.0
Austria,1990,2.0
Azerbaijan,1994,18.0
Bahamas,2012,1.0
Bahamas,2011,1.0
Bahrain,2015,8.0
Bahrain,1979,39.0
Bahrain,1978,906.0
Bahrain,1973,37.0
Bahrain,1972,74.0
Bahrain,1965,1.0
Bangladesh,2000,1021.0
Bangladesh,1999,3440.0
Bangladesh,1998,1067.0
Bangladesh,1997,1959.0
Bangladesh,1996,418.0
Bangladesh,1995,2297.0
Bangladesh,1994,562.0
Bangladesh,1993,78.0
Bangladesh,1992,479.0
Bangladesh,1991,8.0
Bangladesh,1990,82.0
Bangladesh,1989,94.0
Bangladesh,1988,571.0
Bangladesh,1987,523.0
Bangladesh,1979,2154.0
Bangladesh,1978,5576.0
Bangladesh,1977,10403.0
Bangladesh,1976,957.0
Bangladesh,1975,4888.0
Bangladesh,1974,5614.0
Bangladesh,1973,1969.0
Bangladesh,1972,1059.0
Bangladesh,1971,2342.0
Bangladesh,1970,7419.0
Bangladesh,1969,7411.0
Bangladesh,1968,3156.0
Bangladesh,1967,664.0
Bangladesh,1966,3154.0
Bangladesh,1965,1123.0
Bangladesh,1964,3333.0
Bangladesh,1963,3975.0
Bangladesh,1962,2524.0
Bangladesh,1961,2663.0
Bangladesh,1960,15618.0
Bangladesh,1959,16915.0
Bangladesh,1958,15631.0
Bangladesh,1957,8054.0
Bangladesh,1956,23699.0
Bangladesh,1955,16642.0
Bangladesh,1954,15617.0
Bangladesh,1953,27631.0
Bangladesh,1952,21154.0
Bangladesh,1951,20894.0
Bangladesh,1950,29809.0
Belarus,1995,3.0
Belarus,1994,3.0
Belgium,2005,2.0
Belgium,2004,1.0
Belgium,1994,1.0
Belgium,1993,1.0
Belgium,1992,1.0
Belgium,1985,1.0
Belgium,1984,1.0
Belgium,1983,1.0
Belgium,1980,1.0
Belize,1999,12.0
Belize,1998,28.0
Belize,1997,2.0
Belize,1996,26.0
Belize,1995,19.0
Belize,1994,6.0
Belize,1993,135.0
Belize,1992,159.0
Benin,2016,761.0
Benin,2014,832.0
Benin,2013,528.0
Benin,2012,625.0
Benin,2011,755.0
Benin,2010,983.0
Benin,2009,74.0
Benin,2008,985.0
Benin,2006,91.0
Benin,2005,749.0
Benin,2004,642.0
Benin,2003,434.0
Benin,2002,270.0
Benin,2001,3943.0
Benin,2000,468.0
Benin,1999,855.0
Benin,1998,206.0
Benin,1997,796.0
Benin,1996,6190.0
Benin,1995,203.0
Benin,1994,187.0
Benin,1993,10.0
Benin,1992,413.0
Benin,1991,7474.0
Benin,1986,243.0
Benin,1984,1.0
Benin,1983,1.0
Benin,1982,3.0
Benin,1981,2.0
Benin,1980,3.0
Benin,1978,27.0
Benin,1977,2.0
Benin,1976,146.0
Benin,1975,45.0
Benin,1974,73.0
Benin,1973,3.0
Benin,1972,250.0
Benin,1971,2133.0
Benin,1970,175.0
Bhutan,1998,19.0
Bhutan,1995,25.0
Bhutan,1992,494.0
Bhutan,1991,422.0
Bolivia (Plurinational State of),1998,466.0
Bolivia (Plurinational State of),1997,1632.0
Bolivia (Plurinational State of),1996,2847.0
Bolivia (Plurinational State of),1995,2293.0
Bolivia (Plurinational State of),1994,2710.0
Bolivia (Plurinational State of),1993,10134.0
Bolivia (Plurinational State of),1992,22260.0
Bolivia (Plurinational State of),1991,206.0
Botswana,2009,15.0
Botswana,2008,8.0
Botswana,2006,0.0
Botswana,2005,0.0
Brazil,2011,1.0
Brazil,2005,5.0
Brazil,2004,21.0
Brazil,2001,7.0
Brazil,2000,715.0
Brazil,1999,4495.0
Brazil,1998,2571.0
Brazil,1997,2881.0
Brazil,1996,5522.0
Brazil,1995,15915.0
Brazil,1994,49455.0
Brazil,1993,59212.0
Brazil,1992,30317.0
Brazil,1991,2103.0
Brunei Darussalam,2011,3.0
Brunei Darussalam,1999,93.0
Brunei Darussalam,1982,6.0
Brunei Darussalam,1970,24.0
Brunei Darussalam,1965,198.0
Brunei Darussalam,1955,1.0
Burkina Faso,2012,143.0
Burkina Faso,2011,20.0
Burkina Faso,2008,0.0
Burkina Faso,2006,0.0
Burkina Faso,2005,1050.0
Burkina Faso,2003,1.0
Burkina Faso,2001,477.0
Burkina Faso,2000,617.0
Burkina Faso,1999,93.0
Burkina Faso,1998,1036.0
Burkina Faso,1996,425.0
Burkina Faso,1995,1451.0
Burkina Faso,1991,537.0
Burkina Faso,1985,1149.0
Burkina Faso,1984,2191.0
Burkina Faso,1978,1.0
Burkina Faso,1975,3.0
Burkina Faso,1974,632.0
Burkina Faso,1973,1118.0
Burkina Faso,1972,1.0
Burkina Faso,1971,1761.0
Burkina Faso,1970,1.0
Burundi,2016,434.0
Burundi,2015,442.0
Burundi,2014,582.0
Burundi,2013,1557.0
Burundi,2012,214.0
Burundi,2011,1072.0
Burundi,2010,333.0
Burundi,2009,355.0
Burundi,2008,234.0
Burundi,2007,365.0
Burundi,2006,886.0
Burundi,2005,1309.0
Burundi,2004,819.0
Burundi,2003,432.0
Burundi,2002,577.0
Burundi,2001,1003.0
Burundi,2000,1021.0
Burundi,1999,3440.0
Burundi,1998,1067.0
Burundi,1997,1959.0
Burundi,1996,418.0
Burundi,1995,2297.0
Burundi,1994,562.0
Burundi,1993,78.0
Burundi,1992,479.0
Burundi,1991,3.0
Burundi,1990,82.0
Burundi,1985,259.0
Burundi,1984,180.0
Burundi,1983,512.0
Burundi,1982,415.0
Burundi,1981,582.0
Burundi,1980,2039.0
Burundi,1979,915.0
Burundi,1978,8297.0
Cabo Verde,2006,0.0
Cabo Verde,2005,0.0
Cabo Verde,1998,133.0
Cabo Verde,1996,428.0
Cabo Verde,1995,12913.0
Cabo Verde,1994,128.0
Cabo Verde,1976,219.0
Cabo Verde,1975,20.0
Cabo Verde,1974,303.0
Cambodia,2010,588.0
Cambodia,2009,39.0
Cambodia,2004,57.0
Cambodia,1999,1711.0
Cambodia,1998,1197.0
Cambodia,1997,155.0
Cambodia,1996,740.0
Cambodia,1995,4190.0
Cambodia,1994,3085.0
Cambodia,1993,2252.0
Cambodia,1992,1229.0
Cambodia,1991,770.0
Cambodia,1990,5.0
Cambodia,1989,47.0
Cambodia,1988,56.0
Cambodia,1987,474.0
Cambodia,1975,66.0
Cambodia,1974,145.0
Cambodia,1973,159.0
Cambodia,1968,8.0
Cambodia,1967,4.0
Cambodia,1966,62.0
Cambodia,1964,187.0
Cambodia,1963,52.0
Cambodia,1958,3.0
Cambodia,1957,6.0
Cambodia,1956,1.0
Cambodia,1954,2.0
Cambodia,1953,11.0
Cambodia,1952,24.0
Cambodia,1951,57.0
Cambodia,1950,10.0
Cameroon,2015,124.0
Cameroon,2014,3355.0
Cameroon,2013,29.0
Cameroon,2012,363.0
Cameroon,2011,22433.0
Cameroon,2010,10759.0
Cameroon,2009,804.0
Cameroon,2008,0.0
Cameroon,2007,10.0
Cameroon,2006,922.0
Cameroon,2005,2847.0
Cameroon,2004,8005.0
Cameroon,2003,207.0
Cameroon,2002,66.0
Cameroon,2001,259.0
Cameroon,2000,123.0
Cameroon,1999,1584.0
Cameroon,1998,4603.0
Cameroon,1997,1709.0
Cameroon,1996,5796.0
Cameroon,1995,615.0
Cameroon,1994,527.0
Cameroon,1993,648.0
Cameroon,1992,1268.0
Cameroon,1991,4026.0
Cameroon,1990,16.0
Cameroon,1989,4.0
Cameroon,1988,4.0
Cameroon,1987,94.0
Cameroon,1986,165.0
Cameroon,1985,1158.0
Cameroon,1984,392.0
Cameroon,1983,55.0
Cameroon,1982,5.0
Cameroon,1981,243.0
Cameroon,1980,229.0
Cameroon,1979,16.0
Cameroon,1978,3.0
Cameroon,1976,135.0
Cameroon,1975,3.0
Cameroon,1974,83.0
Cameroon,1973,206.0
Cameroon,1972,362.0
Cameroon,1971,2167.0
Canada,2016,1.0
Canada,2015,3.0
Canada,2014,2.0
Canada,2013,1.0
Canada,2011,9.0
Canada,2010,2.0
Canada,2009,2.0
Canada,2008,1.0
Canada,2007,1.0
Canada,2006,2.0
Canada,2005,7.0
Canada,2004,3.0
Canada,2003,5.0
Canada,2002,4.0
Canada,2001,6.0
Canada,2000,5.0
Canada,1998,2.0
Canada,1996,2.0
Canada,1995,7.0
Canada,1994,2.0
Canada,1993,6.0
Canada,1992,5.0
Canada,1991,2.0
Canada,1989,1.0
Central African Republic,2012,21.0
Central African Republic,2011,117.0
Central African Republic,2006,0.0
Central African Republic,2005,0.0
Central African Republic,2004,320.0
Central African Republic,1998,22.0
Central African Republic,1997,443.0
Chad,2011,17267.0
Chad,2010,6395.0
Chad,2009,67.0
Chad,2007,0.0
Chad,2006,1668.0
Chad,2005,90.0
Chad,2004,5531.0
Chad,2003,55.0
Chad,2001,5244.0
Chad,1999,217.0
Chad,1998,4095.0
Chad,1997,8801.0
Chad,1996,7830.0
Chad,1994,1094.0
Chad,1991,13915.0
Chad,1974,338.0
Chad,1972,9.0
Chad,1971,8230.0
Chile,2014,1.0
Chile,2013,2.0
Chile,2011,1.0
Chile,1998,24.0
Chile,1997,4.0
Chile,1996,1.0
Chile,1994,1.0
Chile,1993,32.0
Chile,1992,73.0
Chile,1991,41.0
China,2016,27.0
China,2015,13.0
China,2014,24.0
China,2013,53.0
China,2012,77.0
China,2011,26.0
China,2010,157.0
China,2009,85.0
China,2008,174.0
China,2007,168.0
China,2006,161.0
China,2005,980.0
China,2004,244.0
China,2003,223.0
China,2001,140.0
China,2000,1846.0
China,1999,4589.0
China,1998,4642.0
China,1997,1177.0
China,1996,316.0
China,1995,10337.0
China,1994,34877.0
China,1993,11673.0
China,1992,583.0
China,1991,210.0
China,1990,644.0
China,1989,5628.0
China,1988,7267.0
China,1987,4.0
China,1980,88.0
China,1979,85.0
China,1967,1.0
China,1963,1.0
China,1962,384.0
China,1949,1.0
Colombia,2004,2.0
Colombia,1999,42.0
Colombia,1998,442.0
Colombia,1997,1508.0
Colombia,1996,4428.0
Colombia,1995,1922.0
Colombia,1994,996.0
Colombia,1993,230.0
Colombia,1992,15129.0
Colombia,1991,11979.0
Comoros,2008,4.0
Comoros,2007,1555.0
Comoros,2006,0.0
Comoros,2005,0.0
Comoros,2004,1.0
Comoros,2003,56.0
Comoros,2002,1567.0
Comoros,2001,226.0
Comoros,2000,3297.0
Comoros,1999,1180.0
Comoros,1998,7300.0
Comoros,1976,5.0
Comoros,1975,2675.0
Congo,2016,15.0
Congo,2013,1624.0
Congo,2012,1181.0
Congo,2011,762.0
Congo,2009,93.0
Congo,2008,156.0
Congo,2007,7785.0
Congo,2006,175.0
Congo,2005,0.0
Congo,2000,9.0
Congo,1999,4813.0
Congo,1998,3222.0
Congo,1997,275.0
Congo,1979,5.0
Congo,1978,51.0
Costa Rica,1997,1.0
Costa Rica,1996,19.0
Costa Rica,1995,24.0
Costa Rica,1994,38.0
Costa Rica,1993,14.0
Costa Rica,1992,12.0
Côte d'Ivoire,2015,199.0
Côte d'Ivoire,2014,235.0
Côte d'Ivoire,2013,56.0
Côte d'Ivoire,2012,424.0
Côte d'Ivoire,2011,1261.0
Côte d'Ivoire,2010,32.0
Côte d'Ivoire,2009,5.0
Côte d'Ivoire,2008,7.0
Côte d'Ivoire,2007,8.0
Côte d'Ivoire,2006,414.0
Côte d'Ivoire,2005,39.0
Côte d'Ivoire,2004,105.0
Côte d'Ivoire,2003,1034.0
Côte d'Ivoire,2002,4188.0
Côte d'Ivoire,2001,5912.0
Côte d'Ivoire,1996,1345.0
Côte d'Ivoire,1995,4993.0
Côte d'Ivoire,1994,1108.0
Côte d'Ivoire,1993,724.0
Côte d'Ivoire,1992,37.0
Côte d'Ivoire,1991,604.0
Côte d'Ivoire,1982,34.0
Côte d'Ivoire,1979,3.0
Côte d'Ivoire,1971,668.0
Côte d'Ivoire,1970,868.0
Cuba,2015,65.0
Cuba,2014,76.0
Cuba,2013,181.0
Cuba,2012,417.0
Czechia,2002,2.0
Czechia,1970,4.0
Democratic People's Republic of Korea,1996,7.0
Democratic People's Republic of Korea,1980,170.0
Democratic Republic of the Congo,2016,28093.0
Democratic Republic of the Congo,2015,19182.0
Democratic Republic of the Congo,2014,22203.0
Democratic Republic of the Congo,2013,26944.0
Democratic Republic of the Congo,2012,33661.0
Democratic Republic of the Congo,2011,21700.0
Democratic Republic of the Congo,2010,13884.0
Democratic Republic of the Congo,2009,22899.0
Democratic Republic of the Congo,2008,30150.0
Democratic Republic of the Congo,2007,28269.0
Democratic Republic of the Congo,2006,20642.0
Democratic Republic of the Congo,2005,13430.0
Democratic Republic of the Congo,2004,7665.0
Democratic Republic of the Congo,2003,27272.0
Democratic Republic of the Congo,2002,31658.0
Democratic Republic of the Congo,2001,5728.0
Democratic Republic of the Congo,2000,14995.0
Democratic Republic of the Congo,1999,12711.0
Democratic Republic of the Congo,1998,34899.0
Democratic Republic of the Congo,1997,2421.0
Democratic Republic of the Congo,1996,7886.0
Democratic Republic of the Congo,1995,553.0
Democratic Republic of the Congo,1994,58057.0
Democratic Republic of the Congo,1993,986.0
Democratic Republic of the Congo,1992,1949.0
Democratic Republic of the Congo,1991,4066.0
Democratic Republic of the Congo,1990,468.0
Democratic Republic of the Congo,1989,99.0
Democratic Republic of the Congo,1988,295.0
Democratic Republic of the Congo,1987,1150.0
Democratic Republic of the Congo,1986,1059.0
Democratic Republic of the Congo,1985,740.0
Democratic Republic of the Congo,1984,162.0
Democratic Republic of the Congo,1983,2977.0
Democratic Republic of the Congo,1982,10328.0
Democratic Republic of the Congo,1981,2379.0
Democratic Republic of the Congo,1980,1051.0
Democratic Republic of the Congo,1979,5515.0
Democratic Republic of the Congo,1978,3481.0
Denmark,2016,1.0
Denmark,2008,1.0
Denmark,2004,1.0
Denmark,1995,3.0
Denmark,1994,2.0
Denmark,1993,2.0
Denmark,1990,1.0
Djibouti,2011,127.0
Djibouti,2010,2047.0
Djibouti,2007,1087.0
Djibouti,2000,1828.0
Djibouti,1998,164.0
Djibouti,1997,2424.0
Djibouti,1994,1122.0
Djibouti,1993,10055.0
Djibouti,1985,115.0
Djibouti,1978,3.0
Djibouti,1977,2.0
Djibouti,1976,2.0
Djibouti,1972,8.0
Djibouti,1971,440.0
Djibouti,1970,6.0
Dominican Republic,2016,1159.0
Dominican Republic,2015,546.0
Dominican Republic,2014,603.0
Dominican Republic,2013,1954.0
Dominican Republic,2012,7919.0
Dominican Republic,2011,20851.0
Dominican Republic,2010,191.0
Ecuador,2004,5.0
Ecuador,2003,25.0
Ecuador,2001,9.0
Ecuador,2000,27.0
Ecuador,1999,90.0
Ecuador,1998,3724.0
Ecuador,1997,65.0
Ecuador,1996,1059.0
Ecuador,1995,2160.0
Ecuador,1994,1785.0
Ecuador,1993,6833.0
Ecuador,1992,31870.0
Ecuador,1991,46320.0
El Salvador,2000,631.0
El Salvador,1999,134.0
El Salvador,1998,8.0
El Salvador,1996,182.0
El Salvador,1995,2923.0
El Salvador,1994,11745.0
El Salvador,1993,6573.0
El Salvador,1992,8717.0
El Salvador,1991,947.0
Equatorial Guinea,2006,0.0
Equatorial Guinea,2005,6391.0
Equatorial Guinea,2004,59.0
Equatorial Guinea,1985,108.0
Equatorial Guinea,1984,404.0
Eritrea,2008,1.0
Eritrea,2007,119.0
Eritrea,2006,0.0
Eritrea,2005,0.0
Estonia,1993,2.0
Eswatini,2009,19.0
Eswatini,2008,1.0
Eswatini,2007,0.0
Eswatini,2006,18.0
Eswatini,2005,0.0
Eswatini,2004,1075.0
Eswatini,2003,32.0
Eswatini,2002,134.0
Eswatini,2001,5612.0
Eswatini,2000,141.0
Eswatini,1999,7.0
Eswatini,1998,7.0
Eswatini,1996,2.0
Eswatini,1992,2281.0
Eswatini,1982,538.0
Eswatini,1981,238.0
Eswatini,1978,2.0
Ethiopia,2010,1682.0
Ethiopia,2009,31509.0
Ethiopia,2008,3862.0
Ethiopia,2007,24121.0
Ethiopia,2006,54070.0
Ethiopia,2005,0.0
Ethiopia,2004,16.0
Ethiopia,1982,0.0
Ethiopia,1971,2187.0
Ethiopia,1970,850.0
Finland,2008,1.0
Finland,2005,1.0
Finland,1998,1.0
Finland,1995,1.0
Finland,1994,2.0
Finland,1981,1.0
France,2015,1.0
France,2014,1.0
France,2011,1.0
France,2009,1.0
France,2008,2.0
France,2007,4.0
France,2006,2.0
France,2002,1.0
France,2001,2.0
France,2000,5.0
France,1998,2.0
France,1997,3.0
France,1996,8.0
France,1995,6.0
France,1994,4.0
France,1993,5.0
France,1991,7.0
France,1990,6.0
France,1989,1.0
France,1987,7.0
France,1986,37.0
France,1984,1.0
France,1983,3.0
France,1982,18.0
France,1981,20.0
France,1980,1.0
France,1979,8.0
France,1976,5.0
France,1975,9.0
France,1974,5.0
France,1973,4.0
France,1971,3.0
France,1970,1.0
Gabon,2008,2.0
Gabon,2006,0.0
Gabon,2005,0.0
Gabon,2003,629.0
Gabon,2002,6.0
Gabon,1981,7.0
Gabon,1979,5.0
Gambia,2008,1.0
Gambia,2007,12.0
Gambia,2006,0.0
Gambia,2005,214.0
Gambia,1996,7.0
Gambia,1995,15.0
Gambia,1994,1.0
Gambia,1985,2.0
Georgia,1993,8.0
Germany,2016,1.0
Germany,2014,1.0
Germany,2011,4.0
Germany,2010,4.0
Germany,2007,2.0
Germany,2006,1.0
Germany,2004,3.0
Germany,2003,1.0
Germany,2002,1.0
Germany,2001,1.0
Germany,2000,2.0
Germany,1999,3.0
Germany,1998,5.0
Germany,1997,2.0
Germany,1995,1.0
Germany,1994,5.0
Germany,1993,1.0
Germany,1992,1.0
Germany,1990,1.0
Germany,1989,1.0
Germany,1988,2.0
Germany,1986,2.0
Germany,1982,1.0
Germany,1981,4.0
Germany,1980,4.0
Germany,1977,1.0
Germany,1976,2.0
Germany,1975,1.0
Germany,1974,3.0
Germany,1973,6.0
Germany,1972,2.0
Germany,1971,1.0
Ghana,2016,175.0
Ghana,2015,692.0
Ghana,2014,28944.0
Ghana,2013,50.0
Ghana,2012,9548.0
Ghana,2011,10628.0
Ghana,2010,438.0
Ghana,2009,1294.0
Ghana,2008,1223.0
Ghana,2007,179.0
Ghana,2006,3357.0
Ghana,2005,3166.0
Ghana,2004,407.0
Ghana,2003,204.0
Ghana,2002,3614.0
Ghana,2001,5487.0
Ghana,2000,3331.0
Ghana,1999,9432.0
Ghana,1998,3426.0
Ghana,1997,379.0
Ghana,1996,1665.0
Ghana,1995,4698.0
Ghana,1994,2267.0
Ghana,1993,1448.0
Ghana,1992,228.0
Ghana,1991,13172.0
Ghana,1990,2937.0
Ghana,1985,60.0
Ghana,1984,1015.0
Ghana,1983,14160.0
Ghana,1982,11051.0
Ghana,1981,943.0
Ghana,1980,260.0
Ghana,1979,1783.0
Ghana,1978,1853.0
Ghana,1977,6565.0
Ghana,1976,102.0
Ghana,1975,187.0
Ghana,1974,483.0
Ghana,1973,677.0
Ghana,1972,625.0
Ghana,1971,13048.0
Ghana,1970,2733.0
Greece,1993,1.0
Greece,1986,1.0
Guatemala,2003,1.0
Guatemala,2002,1.0
Guatemala,2001,13.0
Guatemala,2000,612.0
Guatemala,1999,2077.0
Guatemala,1998,5970.0
Guatemala,1997,1263.0
Guatemala,1996,1568.0
Guatemala,1995,7970.0
Guatemala,1994,5282.0
Guatemala,1993,30604.0
Guatemala,1992,15395.0
Guatemala,1991,3674.0
Guinea,2014,1.0
Guinea,2013,319.0
Guinea,2012,7350.0
Guinea,2011,3.0
Guinea,2009,42.0
Guinea,2008,513.0
Guinea,2007,8546.0
Guinea,2006,3242.0
Guinea,2005,3821.0
Guinea,2004,1516.0
Guinea,2003,6.0
Guinea,2002,61.0
Guinea,2001,392.0
Guinea,2000,519.0
Guinea,1999,599.0
Guinea,1998,881.0
Guinea,1996,287.0
Guinea,1995,6506.0
Guinea,1994,31415.0
Guinea,1986,286.0
Guinea,1970,2000.0
Guinea-Bissau,2014,11.0
Guinea-Bissau,2013,969.0
Guinea-Bissau,2012,3068.0
Guinea-Bissau,2009,5.0
Guinea-Bissau,2008,14323.0
Guinea-Bissau,2007,153.0
Guinea-Bissau,2006,37.0
Guinea-Bissau,2005,25111.0
Guinea-Bissau,2004,155.0
Guinea-Bissau,2003,290.0
Guinea-Bissau,2002,842.0
Guinea-Bissau,1998,126.0
Guinea-Bissau,1997,20555.0
Guinea-Bissau,1996,8397.0
Guinea-Bissau,1995,119.0
Guinea-Bissau,1994,15296.0
Guinea-Bissau,1987,6000.0
Guinea-Bissau,1986,200.0
Guyana,1993,66.0
Guyana,1992,576.0
Haiti,2016,41421.0
Haiti,2015,36045.0
Haiti,2014,27753.0
Haiti,2013,58809.0
Haiti,2012,112076.0
Haiti,2011,340311.0
Haiti,2010,179379.0
Honduras,2001,1.0
Honduras,2000,8.0
Honduras,1999,56.0
Honduras,1998,306.0
Honduras,1997,100.0
Honduras,1996,708.0
Honduras,1995,4717.0
Honduras,1994,5049.0
Honduras,1993,4013.0
Honduras,1992,407.0
Honduras,1991,17.0
Hungary,1997,1.0
India,2016,841.0
India,2015,889.0
India,2014,4031.0
India,2013,6008.0
India,2010,5155.0
India,2008,2680.0
India,2007,2635.0
India,2006,1939.0
India,2005,3155.0
India,2004,4695.0
India,2003,2893.0
India,2002,3455.0
India,2001,4081.0
India,2000,4053.0
India,1999,3839.0
India,1998,7151.0
India,1997,2768.0
India,1996,4396.0
India,1995,3315.0
India,1994,4973.0
India,1993,12084.0
India,1992,6911.0
India,1991,6993.0
India,1990,3583.0
India,1989,5640.0
India,1988,17162.0
India,1987,11934.0
India,1986,4208.0
India,1985,5808.0
India,1984,2527.0
India,1983,8542.0
India,1982,4656.0
India,1981,4681.0
India,1980,8344.0
India,1979,5073.0
India,1978,10585.0
India,1977,8376.0
India,1976,14946.0
India,1975,22049.0
India,1974,30903.0
India,1973,41611.0
India,1972,20435.0
India,1971,71386.0
India,1970,15067.0
India,1969,19280.0
India,1968,22587.0
India,1967,13708.0
India,1966,13052.0
India,1965,42677.0
India,1964,53011.0
India,1963,44839.0
India,1962,51082.0
India,1961,47637.0
India,1960,14621.0
India,1959,14852.0
India,1958,66849.0
India,1957,54961.0
India,1956,39829.0
India,1955,23533.0
India,1954,22146.0
India,1953,213225.0
India,1952,101493.0
India,1951,86787.0
India,1950,625.0
Indonesia,2008,1007.0
Indonesia,2005,1338.0
Indonesia,2001,561.0
Indonesia,1997,66.0
Indonesia,1996,66.0
Indonesia,1994,47.0
Indonesia,1993,3564.0
Indonesia,1992,25.0
Indonesia,1991,6202.0
Indonesia,1990,155.0
Indonesia,1989,67.0
Indonesia,1988,50.0
Indonesia,1987,659.0
Indonesia,1986,11915.0
Indonesia,1985,4732.0
Indonesia,1984,7921.0
Indonesia,1983,13832.0
Indonesia,1982,10391.0
Indonesia,1981,18354.0
Indonesia,1980,5541.0
Indonesia,1979,18817.0
Indonesia,1978,10683.0
Indonesia,1977,17112.0
Indonesia,1976,41264.0
Indonesia,1975,48387.0
Indonesia,1974,41474.0
Indonesia,1973,52042.0
Indonesia,1972,44383.0
Indonesia,1971,23555.0
Indonesia,1970,5997.0
Indonesia,1969,627.0
Indonesia,1968,135.0
Indonesia,1967,700.0
Indonesia,1966,204.0
Indonesia,1964,326.0
Indonesia,1963,535.0
Indonesia,1962,428.0
Indonesia,1961,1742.0
Indonesia,1960,41.0
Iran (Islamic Republic of),2015,86.0
Iran (Islamic Republic of),2013,256.0
Iran (Islamic Republic of),2012,53.0
Iran (Islamic Republic of),2011,1187.0
Iran (Islamic Republic of),2008,72.0
Iran (Islamic Republic of),2007,19.0
Iran (Islamic Republic of),2005,1133.0
Iran (Islamic Republic of),2004,94.0
Iran (Islamic Republic of),2003,96.0
Iran (Islamic Republic of),2002,118.0
Iran (Islamic Republic of),2001,105.0
Iran (Islamic Republic of),2000,345.0
Iran (Islamic Republic of),1999,1369.0
Iran (Islamic Republic of),1998,270.0
Iran (Islamic Republic of),1997,1106.0
Iran (Islamic Republic of),1995,2177.0
Iran (Islamic Republic of),1994,15.0
Iran (Islamic Republic of),1993,1347.0
Iran (Islamic Republic of),1992,97.0
Iran (Islamic Republic of),1991,1892.0
Iran (Islamic Republic of),1990,178.0
Iran (Islamic Republic of),1989,5222.0
Iran (Islamic Republic of),1988,486.0
Iran (Islamic Republic of),1987,295.0
Iran (Islamic Republic of),1986,20.0
Iran (Islamic Republic of),1985,1208.0
Iran (Islamic Republic of),1984,531.0
Iran (Islamic Republic of),1983,270.0
Iran (Islamic Republic of),1982,427.0
Iran (Islamic Republic of),1981,6034.0
Iran (Islamic Republic of),1980,1599.0
Iran (Islamic Republic of),1979,1856.0
Iran (Islamic Republic of),1978,264.0
Iran (Islamic Republic of),1977,10836.0
Iran (Islamic Republic of),1976,2100.0
Iran (Islamic Republic of),1975,2966.0
Iran (Islamic Republic of),1974,304.0
Iran (Islamic Republic of),1973,55.0
Iran (Islamic Republic of),1972,322.0
Iran (Islamic Republic of),1971,344.0
Iran (Islamic Republic of),1970,19663.0
Iran (Islamic Republic of),1969,557.0
Iran (Islamic Republic of),1967,221.0
Iran (Islamic Republic of),1966,162.0
Iran (Islamic Republic of),1965,5037.0
Iraq,2016,35.0
Iraq,2015,4965.0
Iraq,2013,1.0
Iraq,2012,4693.0
Iraq,2010,2.0
Iraq,2009,6.0
Iraq,2008,925.0
Iraq,2007,4697.0
Iraq,2004,35.0
Iraq,2003,187.0
Iraq,2002,718.0
Iraq,2001,560.0
Iraq,2000,532.0
Iraq,1999,1985.0
Iraq,1998,53.0
Iraq,1996,1.0
Iraq,1995,820.0
Iraq,1994,838.0
Iraq,1993,280.0
Iraq,1992,97.0
Iraq,1991,877.0
Iraq,1978,96.0
Iraq,1977,133.0
Iraq,1966,227.0
Ireland,2001,1.0
Israel,2013,1.0
Israel,1988,1.0
Israel,1987,2.0
Israel,1982,1.0
Israel,1972,11.0
Israel,1971,1.0
Israel,1970,185.0
Italy,2013,1.0
Italy,2007,1.0
Italy,2006,1.0
Italy,1998,2.0
Italy,1995,1.0
Italy,1994,12.0
Italy,1979,8.0
Italy,1977,2.0
Italy,1975,1.0
Italy,1973,278.0
Japan,2016,10.0
Japan,2015,7.0
Japan,2014,5.0
Japan,2013,8.0
Japan,2012,3.0
Japan,2011,12.0
Japan,2007,0.0
Japan,2006,34.0
Japan,2005,43.0
Japan,2004,66.0
Japan,2003,16.0
Japan,2002,27.0
Japan,2001,11.0
Japan,2000,34.0
Japan,1999,40.0
Japan,1998,60.0
Japan,1997,89.0
Japan,1996,39.0
Japan,1995,321.0
Japan,1994,91.0
Japan,1993,89.0
Japan,1992,46.0
Japan,1991,90.0
Japan,1990,73.0
Japan,1989,95.0
Japan,1988,33.0
Japan,1987,34.0
Japan,1986,26.0
Japan,1985,36.0
Japan,1984,55.0
Japan,1983,35.0
Japan,1982,16.0
Japan,1981,19.0
Japan,1980,23.0
Japan,1979,11.0
Japan,1978,34.0
Japan,1977,52.0
Japan,1976,6.0
Japan,1975,3.0
Japan,1970,5.0
Japan,1969,8.0
Japan,1964,2.0
Japan,1963,16.0
Jordan,1990,2.0
Jordan,1981,870.0
Jordan,1979,141.0
Jordan,1977,427.0
Jordan,1976,152.0
Jordan,1970,3.0
Kazakhstan,2008,1.0
Kazakhstan,2001,1.0
Kazakhstan,1997,4.0
Kazakhstan,1995,16.0
Kazakhstan,1994,3.0
Kazakhstan,1993,74.0
Kenya,2016,5866.0
Kenya,2015,13291.0
Kenya,2014,35.0
Kenya,2011,74.0
Kenya,2010,3188.0
Kenya,2009,11425.0
Kenya,2008,3091.0
Kenya,2007,1206.0
Kenya,2006,870.0
Kenya,2005,816.0
Kenya,2004,870.0
Kenya,2002,291.0
Kenya,2001,1001.0
Kenya,2000,1157.0
Kenya,1999,11039.0
Kenya,1998,22432.0
Kenya,1997,17200.0
Kenya,1996,482.0
Kenya,1995,1547.0
Kenya,1994,880.0
Kenya,1992,3388.0
Kenya,1989,918.0
Kenya,1987,255.0
Kenya,1986,839.0
Kenya,1985,1352.0
Kenya,1984,14.0
Kenya,1983,1049.0
Kenya,1982,3498.0
Kenya,1981,2424.0
Kenya,1980,2808.0
Kenya,1979,1070.0
Kenya,1978,673.0
Kenya,1977,21.0
Kenya,1976,1359.0
Kenya,1975,1093.0
Kenya,1974,402.0
Kenya,1972,51.0
Kenya,1971,239.0
Kiribati,1978,494.0
Kiribati,1977,1307.0
Kuwait,2015,5.0
Kuwait,1997,1.0
Kuwait,1993,1.0
Kuwait,1989,133.0
Kuwait,1986,38.0
Kuwait,1985,113.0
Kuwait,1981,8.0
Kuwait,1979,3.0
Kuwait,1978,1.0
Kuwait,1977,13.0
Kuwait,1976,2.0
Kuwait,1975,3.0
Kuwait,1970,4.0
Kyrgyzstan,1994,4.0
Lao People's Democratic Republic,2010,237.0
Lao People's Democratic Republic,2008,201.0
Lao People's Democratic Republic,2007,169.0
Lao People's Democratic Republic,1996,720.0
Lao People's Democratic Republic,1995,1365.0
Lao People's Democratic Republic,1994,9660.0
Lao People's Democratic Republic,1993,5521.0
Lao People's Democratic Republic,1969,448.0
Lao People's Democratic Republic,1953,31.0
Lebanon,2005,1.0
Lebanon,1994,3.0
Lebanon,1993,344.0
Lebanon,1977,30.0
Lebanon,1970,54.0
Lesotho,2006,0.0
Lesotho,2005,0.0
Liberia,2014,44.0
Liberia,2013,92.0
Liberia,2012,219.0
Liberia,2011,1146.0
Liberia,2010,1546.0
Liberia,2009,1070.0
Liberia,2008,1236.0
Liberia,2007,3063.0
Liberia,2006,4929.0
Liberia,2005,3823.0
Liberia,2004,2786.0
Liberia,2003,34740.0
Liberia,2002,1115.0
Liberia,2001,1062.0
Liberia,2000,365.0
Liberia,1999,215.0
Liberia,1998,2123.0
Liberia,1997,91.0
Liberia,1996,8922.0
Liberia,1995,3420.0
Liberia,1994,764.0
Liberia,1991,132.0
Liberia,1989,28.0
Liberia,1988,68.0
Liberia,1987,33.0
Liberia,1986,59.0
Liberia,1985,355.0
Liberia,1984,492.0
Liberia,1983,183.0
Liberia,1982,670.0
Liberia,1981,1582.0
Liberia,1980,2690.0
Liberia,1979,438.0
Liberia,1978,422.0
Liberia,1977,512.0
Liberia,1976,646.0
Liberia,1975,704.0
Liberia,1974,512.0
Liberia,1973,1336.0
Liberia,1972,947.0
Liberia,1971,606.0
Liberia,1970,168.0
Libya,1995,22.0
Libya,1970,1151.0
Madagascar,2006,0.0
Madagascar,2005,0.0
Madagascar,2003,5.0
Madagascar,2002,27.0
Madagascar,2001,7219.0
Madagascar,2000,29305.0
Madagascar,1999,9973.0
Madagascar,1996,0.0
Madagascar,1971,2.0
Malawi,2016,1792.0
Malawi,2015,693.0
Malawi,2012,187.0
Malawi,2011,120.0
Malawi,2010,1155.0
Malawi,2009,5751.0
Malawi,2008,831.0
Malawi,2007,475.0
Malawi,2006,4148.0
Malawi,2005,1105.0
Malawi,2004,675.0
Malawi,2003,2736.0
Malawi,2002,32618.0
Malawi,2001,2395.0
Malawi,2000,2391.0
Malawi,1999,26508.0
Malawi,1998,1745.0
Malawi,1997,130.0
Malawi,1996,1.0
Malawi,1995,1.0
Malawi,1994,107.0
Malawi,1993,25193.0
Malawi,1992,298.0
Malawi,1991,8088.0
Malawi,1990,13457.0
Malawi,1989,8351.0
Malawi,1988,6.0
Malawi,1983,487.0
Malawi,1981,261.0
Malawi,1978,263.0
Malawi,1977,577.0
Malawi,1976,19.0
Malawi,1973,371.0
Malaysia,2015,244.0
Malaysia,2014,134.0
Malaysia,2013,171.0
Malaysia,2012,282.0
Malaysia,2011,586.0
Malaysia,2010,443.0
Malaysia,2009,187.0
Malaysia,2007,0.0
Malaysia,2006,237.0
Malaysia,2004,16.0
Malaysia,2001,557.0
Malaysia,2000,124.0
Malaysia,1999,535.0
Malaysia,1998,1304.0
Malaysia,1997,389.0
Malaysia,1996,1486.0
Malaysia,1995,2209.0
Malaysia,1994,534.0
Malaysia,1993,995.0
Malaysia,1992,474.0
Malaysia,1991,506.0
Malaysia,1990,2071.0
Malaysia,1989,393.0
Malaysia,1988,1324.0
Malaysia,1987,1168.0
Malaysia,1986,55.0
Malaysia,1985,52.0
Malaysia,1984,67.0
Malaysia,1983,2195.0
Malaysia,1982,516.0
Malaysia,1981,469.0
Malaysia,1980,97.0
Malaysia,1979,502.0
Malaysia,1978,1635.0
Malaysia,1977,444.0
Malaysia,1976,246.0
Malaysia,1975,110.0
Malaysia,1974,349.0
Malaysia,1973,369.0
Malaysia,1972,864.0
Malaysia,1971,53.0
Malaysia,1970,106.0
Malaysia,1969,70.0
Malaysia,1968,15.0
Malaysia,1966,5.0
Malaysia,1965,16.0
Malaysia,1964,512.0
Malaysia,1963,349.0
Malaysia,1954,1.0
Maldives,1978,11336.0
Mali,2013,23.0
Mali,2012,219.0
Mali,2011,2220.0
Mali,2008,153.0
Mali,2006,7.0
Mali,2005,1178.0
Mali,2004,2839.0
Mali,2003,1455.0
Mali,2002,18.0
Mali,2001,67.0
Mali,2000,1885.0
Mali,1999,6.0
Mali,1997,6.0
Mali,1996,5723.0
Mali,1995,2191.0
Mali,1987,352.0
Mali,1986,1916.0
Mali,1985,3759.0
Mali,1984,1795.0
Mali,1974,130.0
Mali,1973,219.0
Mali,1972,2.0
Mali,1971,4792.0
Mali,1970,2665.0
Marshall Islands,2000,300.0
Mauritania,2011,46.0
Mauritania,2007,3.0
Mauritania,2006,25.0
Mauritania,2005,4132.0
Mauritania,2003,34.0
Mauritania,2002,80.0
Mauritania,1997,462.0
Mauritania,1996,4534.0
Mauritania,1989,700.0
Mauritania,1988,575.0
Mauritania,1987,1578.0
Mauritania,1986,3734.0
Mauritania,1985,259.0
Mauritania,1984,166.0
Mauritania,1973,150.0
Mauritania,1972,148.0
Mauritania,1971,1139.0
Mauritius,2006,0.0
Mauritius,2005,0.0
Mexico,2015,1.0
Mexico,2014,14.0
Mexico,2013,187.0
Mexico,2012,2.0
Mexico,2011,1.0
Mexico,2010,1.0
Mexico,2008,1.0
Mexico,2001,1.0
Mexico,2000,5.0
Mexico,1998,71.0
Mexico,1997,2356.0
Mexico,1996,1088.0
Mexico,1995,16430.0
Mexico,1994,4059.0
Mexico,1993,10712.0
Mexico,1992,8162.0
Mexico,1991,2690.0
Micronesia (Federated States of),2005,0.0
Micronesia (Federated States of),2001,14.0
Micronesia (Federated States of),2000,3452.0
Micronesia (Federated States of),1996,1.0
Micronesia (Federated States of),1990,34.0
Mongolia,2005,0.0
Mongolia,1996,177.0
Morocco,1994,6.0
Morocco,1990,4573.0
Morocco,1976,2.0
Morocco,1972,7.0
Morocco,1971,56.0
Mozambique,2016,883.0
Mozambique,2015,8739.0
Mozambique,2014,480.0
Mozambique,2013,1869.0
Mozambique,2012,647.0
Mozambique,2011,1279.0
Mozambique,2010,7430.0
Mozambique,2009,19679.0
Mozambique,2008,9087.0
Mozambique,2007,2622.0
Mozambique,2006,6306.0
Mozambique,2005,2226.0
Mozambique,2004,20080.0
Mozambique,2003,13758.0
Mozambique,2002,24375.0
Mozambique,2001,8794.0
Mozambique,2000,17649.0
Mozambique,1999,44329.0
Mozambique,1998,42672.0
Mozambique,1997,8739.0
Mozambique,1996,0.0
Mozambique,1994,692.0
Mozambique,1993,19803.0
Mozambique,1992,30802.0
Mozambique,1991,7847.0
Mozambique,1990,4152.0
Mozambique,1989,371.0
Mozambique,1986,1.0
Mozambique,1985,3.0
Mozambique,1984,521.0
Mozambique,1983,10745.0
Mozambique,1982,2301.0
Mozambique,1981,1753.0
Mozambique,1980,1212.0
Mozambique,1979,4564.0
Mozambique,1977,18.0
Mozambique,1976,3.0
Mozambique,1975,11.0
Mozambique,1974,1018.0
Mozambique,1973,453.0
Myanmar,2016,782.0
Myanmar,2015,103.0
Myanmar,2014,400.0
Myanmar,2013,33.0
Myanmar,2012,174.0
Myanmar,2011,16.0
Myanmar,2008,45.0
Myanmar,1995,1296.0
Myanmar,1994,421.0
Myanmar,1993,1758.0
Myanmar,1992,826.0
Myanmar,1991,924.0
Myanmar,1989,597.0
Myanmar,1983,989.0
Myanmar,1981,28.0
Myanmar,1980,1018.0
Myanmar,1979,874.0
Myanmar,1978,3551.0
Myanmar,1976,1519.0
Myanmar,1975,2942.0
Myanmar,1974,2363.0
Myanmar,1973,386.0
Myanmar,1972,180.0
Myanmar,1971,378.0
Myanmar,1970,911.0
Myanmar,1969,205.0
Myanmar,1968,3.0
Myanmar,1967,9.0
Myanmar,1966,263.0
Myanmar,1965,207.0
Myanmar,1964,922.0
Myanmar,1963,3019.0
Myanmar,1962,1.0
Myanmar,1961,1.0
Myanmar,1960,259.0
Myanmar,1959,3.0
Myanmar,1958,7.0
Myanmar,1957,10.0
Myanmar,1956,13.0
Myanmar,1955,42.0
Myanmar,1954,35.0
Myanmar,1953,22.0
Myanmar,1952,347.0
Myanmar,1951,6753.0
Myanmar,1950,4212.0
Namibia,2014,485.0
Namibia,2013,3.0
Namibia,2009,159.0
Namibia,2008,3496.0
Namibia,2007,14.0
Namibia,2006,185.0
Namibia,2005,0.0
Nauru,1979,50.0
Nauru,1978,38.0
Nepal,2016,169.0
Nepal,2015,80.0
Nepal,2014,933.0
Nepal,2012,34.0
Nepal,2011,12.0
Nepal,2010,1790.0
Nepal,2009,82.0
Nepal,2007,264.0
Nepal,1998,1745.0
Nepal,1997,245.0
Nepal,1996,274.0
Nepal,1995,157.0
Nepal,1994,32.0
Nepal,1993,31.0
Nepal,1992,798.0
Nepal,1991,30648.0
Nepal,1990,23888.0
Nepal,1989,141.0
Nepal,1981,24.0
Nepal,1980,1.0
Nepal,1979,22.0
Nepal,1978,1662.0
Nepal,1977,428.0
Nepal,1976,185.0
Nepal,1975,260.0
Nepal,1974,8.0
Nepal,1973,7.0
Nepal,1972,1.0
Nepal,1971,4.0
Nepal,1970,391.0
Nepal,1969,226.0
Nepal,1968,34.0
Nepal,1966,2.0
Nepal,1965,727.0
Nepal,1958,2706.0
Netherlands,2016,1.0
Netherlands,2008,5.0
Netherlands,2006,3.0
Netherlands,2005,4.0
Netherlands,2004,1.0
Netherlands,2003,1.0
Netherlands,2002,1.0
Netherlands,2000,1.0
Netherlands,1999,2.0
Netherlands,1998,4.0
Netherlands,1997,2.0
Netherlands,1996,3.0
Netherlands,1995,9.0
Netherlands,1994,1.0
Netherlands,1993,3.0
Netherlands,1990,3.0
Netherlands,1988,1.0
Netherlands,1983,2.0
Netherlands,1981,2.0
Netherlands,1979,5.0
Netherlands,1978,4.0
Netherlands,1977,1.0
Netherlands,1976,1.0
New Zealand,2005,1.0
New Zealand,2001,1.0
New Zealand,1999,1.0
New Zealand,1998,1.0
New Zealand,1995,2.0
New Zealand,1994,2.0
New Zealand,1990,5.0
New Zealand,1987,2.0
New Zealand,1972,3.0
Nicaragua,2000,12.0
Nicaragua,1999,552.0
Nicaragua,1998,1437.0
Nicaragua,1997,1283.0
Nicaragua,1996,2813.0
Nicaragua,1995,8825.0
Nicaragua,1994,7821.0
Nicaragua,1993,6631.0
Nicaragua,1992,3067.0
Nicaragua,1991,1.0
Niger,2016,38.0
Niger,2015,51.0
Niger,2014,2059.0
Niger,2013,585.0
Niger,2012,5284.0
Niger,2011,2324.0
Niger,2010,1154.0
Niger,2008,972.0
Niger,2007,24.0
Niger,2006,1232.0
Niger,2005,553.0
Niger,2004,2178.0
Niger,2003,292.0
Niger,2002,236.0
Niger,2001,81.0
Niger,2000,225.0
Niger,1999,1186.0
Niger,1997,259.0
Niger,1996,3957.0
Niger,1995,264.0
Niger,1994,732.0
Niger,1991,3238.0
Niger,1989,166.0
Niger,1984,3788.0
Niger,1981,7.0
Niger,1974,286.0
Niger,1973,121.0
Niger,1972,51.0
Niger,1971,9265.0
Niger,1970,16.0
Nigeria,2016,768.0
Nigeria,2015,5290.0
Nigeria,2014,35996.0
Nigeria,2013,6600.0
Nigeria,2012,597.0
Nigeria,2011,23377.0
Nigeria,2010,44456.0
Nigeria,2009,13691.0
Nigeria,2008,5410.0
Nigeria,2007,1661.0
Nigeria,2006,2028.0
Nigeria,2005,4477.0
Nigeria,2004,3186.0
Nigeria,2003,1933.0
Nigeria,2002,5429.0
Nigeria,2001,2312.0
Nigeria,2000,2799.0
Nigeria,1999,26358.0
Nigeria,1998,3464.0
Nigeria,1997,1322.0
Nigeria,1996,12374.0
Nigeria,1995,1059.0
Nigeria,1994,2859.0
Nigeria,1993,4160.0
Nigeria,1992,8687.0
Nigeria,1991,59478.0
Nigeria,1989,1078.0
Nigeria,1988,137.0
Nigeria,1987,1290.0
Nigeria,1986,91.0
Nigeria,1985,30.0
Nigeria,1984,1667.0
Nigeria,1983,178.0
Nigeria,1982,248.0
Nigeria,1981,107.0
Nigeria,1980,138.0
Nigeria,1979,293.0
Nigeria,1978,197.0
Nigeria,1977,376.0
Nigeria,1976,112.0
Nigeria,1975,38.0
Nigeria,1973,157.0
Nigeria,1972,1363.0
Nigeria,1971,22931.0
Nigeria,1970,15.0
Norway,2015,1.0
Norway,2007,1.0
Norway,2006,1.0
Norway,2005,1.0
Norway,1998,2.0
Norway,1995,1.0
Norway,1989,1.0
Norway,1987,1.0
Oman,2015,1.0
Oman,2002,1.0
Oman,2001,7.0
Oman,1971,9.0
Pakistan,2014,1218.0
Pakistan,2013,1069.0
Pakistan,2012,144.0
Pakistan,2011,527.0
Pakistan,2010,164.0
Pakistan,1993,12092.0
Pakistan,1981,4.0
Pakistan,1977,12.0
Pakistan,1976,144.0
Pakistan,1971,1185.0
Pakistan,1970,2.0
Pakistan,1969,717.0
Pakistan,1968,3932.0
Pakistan,1965,21.0
Pakistan,1960,6704.0
Pakistan,1958,366.0
Panama,1993,42.0
Panama,1992,2416.0
Panama,1991,1178.0
Papua New Guinea,2011,1535.0
Papua New Guinea,2010,8997.0
Papua New Guinea,2009,1957.0
Papua New Guinea,2005,0.0
Papua New Guinea,1962,1293.0
Paraguay,2009,5.0
Paraguay,1996,4.0
Paraguay,1993,3.0
Peru,2002,16.0
Peru,2001,494.0
Peru,2000,934.0
Peru,1999,1546.0
Peru,1998,41717.0
Peru,1997,3483.0
Peru,1996,4518.0
Peru,1995,22397.0
Peru,1994,23887.0
Peru,1993,72404.0
Peru,1992,242237.0
Peru,1991,322562.0
Philippines,2016,124.0
Philippines,2014,4547.0
Philippines,2013,6.0
Philippines,2012,1864.0
Philippines,2011,120.0
Philippines,2010,33.0
Philippines,2007,0.0
Philippines,2006,66.0
Philippines,2005,139.0
Philippines,2004,533.0
Philippines,2001,174.0
Philippines,2000,275.0
Philippines,1999,330.0
Philippines,1998,729.0
Philippines,1997,605.0
Philippines,1996,1402.0
Philippines,1995,847.0
Philippines,1994,3340.0
Philippines,1993,708.0
Philippines,1992,345.0
Philippines,1985,10.0
Philippines,1982,930.0
Philippines,1981,864.0
Philippines,1980,836.0
Philippines,1979,1268.0
Philippines,1978,1408.0
Philippines,1977,1363.0
Philippines,1976,1258.0
Philippines,1975,680.0
Philippines,1974,1730.0
Philippines,1973,2840.0
Philippines,1972,5601.0
Philippines,1971,3585.0
Philippines,1970,1095.0
Philippines,1969,1541.0
Philippines,1968,2787.0
Philippines,1967,1629.0
Philippines,1966,5261.0
Philippines,1965,4581.0
Philippines,1964,16464.0
Philippines,1963,3979.0
Philippines,1962,13015.0
Philippines,1961,9923.0
Poland,2005,1.0
Poland,1994,1.0
Poland,1981,1.0
Portugal,1995,1.0
Portugal,1994,1.0
Portugal,1975,1066.0
Portugal,1974,2467.0
Portugal,1971,64.0
Qatar,2005,2.0
Qatar,2004,1.0
Qatar,2002,1.0
Republic of Korea,2016,4.0
Republic of Korea,2013,3.0
Republic of Korea,2011,3.0
Republic of Korea,2010,1.0
Republic of Korea,2004,10.0
Republic of Korea,2001,138.0
Republic of Korea,1997,10.0
Republic of Korea,1995,74.0
Republic of Korea,1994,34.0
Republic of Korea,1993,5.0
Republic of Korea,1992,6.0
Republic of Korea,1991,113.0
Republic of Korea,1980,145.0
Republic of Korea,1970,475.0
Republic of Korea,1969,1538.0
Republic of Korea,1964,11.0
Republic of Korea,1963,415.0
Republic of Moldova,1995,240.0
Republic of Moldova,1994,8.0
Republic of Moldova,1993,1.0
Romania,1995,118.0
Romania,1994,80.0
Romania,1993,15.0
Romania,1992,3.0
Romania,1991,226.0
Romania,1990,270.0
Russian Federation,2014,1.0
Russian Federation,2012,1.0
Russian Federation,2010,3.0
Russian Federation,2007,1.0
Russian Federation,2006,1.0
Russian Federation,2004,1.0
Russian Federation,2001,53.0
Russian Federation,1999,8.0
Russian Federation,1998,10.0
Russian Federation,1997,11.0
Russian Federation,1996,4.0
Russian Federation,1995,9.0
Russian Federation,1994,1048.0
Russian Federation,1993,23.0
Russian Federation,1992,6.0
Russian Federation,1991,78.0
Russian Federation,1990,49.0
Russian Federation,1977,1.0
Russian Federation,1976,1.0
Russian Federation,1970,720.0
Rwanda,2016,355.0
Rwanda,2012,9.0
Rwanda,2009,67.0
Rwanda,2008,23.0
Rwanda,2007,1453.0
Rwanda,2006,405.0
Rwanda,2005,89.0
Rwanda,2004,586.0
Rwanda,2003,12.0
Rwanda,2001,157.0
Rwanda,2000,1235.0
Rwanda,1999,327.0
Rwanda,1998,3220.0
Rwanda,1997,274.0
Rwanda,1996,106.0
Rwanda,1995,3.0
Rwanda,1994,10.0
Rwanda,1993,568.0
Rwanda,1992,503.0
Rwanda,1991,679.0
Rwanda,1989,1.0
Rwanda,1988,70.0
Rwanda,1987,101.0
Rwanda,1986,226.0
Rwanda,1985,21.0
Rwanda,1984,161.0
Rwanda,1983,54.0
Rwanda,1982,201.0
Rwanda,1981,24.0
Rwanda,1980,30.0
Rwanda,1979,5.0
Rwanda,1978,838.0
Samoa,1980,1.0
Sao Tome and Principe,2008,119.0
Sao Tome and Principe,2007,90.0
Sao Tome and Principe,2006,926.0
Sao Tome and Principe,2005,1966.0
Sao Tome and Principe,1991,3.0
Sao Tome and Principe,1990,804.0
Sao Tome and Principe,1989,3953.0
Saudi Arabia,2002,38.0
Saudi Arabia,1986,74.0
Saudi Arabia,1981,13.0
Saudi Arabia,1980,2.0
Saudi Arabia,1979,23.0
Saudi Arabia,1978,30.0
Saudi Arabia,1977,18.0
Saudi Arabia,1976,50.0
Saudi Arabia,1975,91.0
Saudi Arabia,1972,303.0
Saudi Arabia,1970,266.0
Senegal,2012,1.0
Senegal,2011,5.0
Senegal,2010,3.0
Senegal,2009,4.0
Senegal,2008,1283.0
Senegal,2007,3984.0
Senegal,2006,365.0
Senegal,2005,31719.0
Senegal,2004,1227.0
Senegal,1997,371.0
Senegal,1996,16107.0
Senegal,1995,3332.0
Senegal,1988,390.0
Senegal,1987,3150.0
Senegal,1986,476.0
Senegal,1985,2988.0
Senegal,1984,728.0
Senegal,1981,428.0
Senegal,1979,103.0
Senegal,1978,315.0
Senegal,1972,379.0
Senegal,1971,265.0
Seychelles,2008,0.0
Seychelles,2007,178.0
Seychelles,2006,0.0
Seychelles,2005,0.0
Sierra Leone,2013,377.0
Sierra Leone,2012,23124.0
Sierra Leone,2008,62.0
Sierra Leone,2007,2219.0
Sierra Leone,2006,2560.0
Sierra Leone,2005,6.0
Sierra Leone,2004,513.0
Sierra Leone,1999,863.0
Sierra Leone,1998,2096.0
Sierra Leone,1995,10285.0
Sierra Leone,1994,9709.0
Sierra Leone,1987,557.0
Sierra Leone,1986,8957.0
Sierra Leone,1977,12.0
Sierra Leone,1971,211.0
Sierra Leone,1970,293.0
Singapore,2014,2.0
Singapore,2013,2.0
Singapore,2012,2.0
Singapore,2011,2.0
Singapore,2004,11.0
Singapore,2003,1.0
Singapore,2002,2.0
Singapore,2001,8.0
Singapore,2000,10.0
Singapore,1999,11.0
Singapore,1998,31.0
Singapore,1997,19.0
Singapore,1996,19.0
Singapore,1995,14.0
Singapore,1994,41.0
Singapore,1993,24.0
Singapore,1992,17.0
Singapore,1991,34.0
Singapore,1990,26.0
Singapore,1989,39.0
Singapore,1988,19.0
Singapore,1987,63.0
Singapore,1986,27.0
Singapore,1985,27.0
Singapore,1984,40.0
Singapore,1983,14.0
Singapore,1982,31.0
Singapore,1981,34.0
Singapore,1980,18.0
Singapore,1979,10.0
Singapore,1978,83.0
Singapore,1977,11.0
Singapore,1975,10.0
Singapore,1974,8.0
Singapore,1973,1.0
Singapore,1972,114.0
Singapore,1969,11.0
Singapore,1968,6.0
Singapore,1964,24.0
Singapore,1963,27.0
Singapore,1953,0.0
Slovenia,2007,0.0
Somalia,2016,15619.0
Somalia,2015,7536.0
Somalia,2014,2820.0
Somalia,2013,6864.0
Somalia,2012,22576.0
Somalia,2011,77636.0
Somalia,2010,3510.0
Somalia,2009,208.0
Somalia,2008,1281.0
Somalia,2007,41643.0
Somalia,2004,4490.0
Somalia,2003,11020.0
Somalia,2002,2775.0
Somalia,2001,2567.0
Somalia,2000,7496.0
Somalia,1999,17757.0
Somalia,1998,4417.0
Somalia,1997,6814.0
Somalia,1996,10274.0
Somalia,1995,9255.0
Somalia,1994,28334.0
Somalia,1986,15980.0
Somalia,1985,10199.0
Somalia,1971,89.0
Somalia,1970,43.0
South Africa,2013,1.0
South Africa,2009,10520.0
South Africa,2008,3907.0
South Africa,2006,0.0
South Africa,2005,3503.0
South Africa,2004,2767.0
South Africa,2003,3901.0
South Africa,2002,10004.0
South Africa,2001,106159.0
South Africa,2000,19667.0
South Africa,1999,68.0
South Africa,1998,20.0
South Africa,1994,4.0
South Africa,1993,78.0
South Africa,1992,11.0
South Africa,1991,10.0
South Africa,1987,37.0
South Africa,1986,120.0
South Africa,1985,2742.0
South Africa,1984,1182.0
South Africa,1983,4715.0
South Africa,1982,11968.0
South Africa,1981,4180.0
South Africa,1980,859.0
South Africa,1979,2.0
South Africa,1974,37.0
South Africa,1973,1.0
South Sudan,2016,4295.0
South Sudan,2015,1818.0
South Sudan,2014,6421.0
Spain,2015,2.0
Spain,2008,5.0
Spain,2007,2.0
Spain,2006,2.0
Spain,2002,1.0
Spain,2001,1.0
Spain,1996,1.0
Spain,1995,6.0
Spain,1994,1.0
Spain,1993,3.0
Spain,1991,1.0
Spain,1990,11.0
Spain,1989,3.0
Spain,1987,2.0
Spain,1984,4.0
Spain,1983,2.0
Spain,1982,2.0
Spain,1980,4.0
Spain,1979,267.0
Spain,1976,2.0
Spain,1975,11.0
Spain,1974,5.0
Spain,1971,22.0
Sri Lanka,2002,9.0
Sri Lanka,2000,2.0
Sri Lanka,1999,108.0
Sri Lanka,1998,1536.0
Sri Lanka,1997,430.0
Sri Lanka,1993,1.0
Sri Lanka,1992,121.0
Sri Lanka,1991,70.0
Sri Lanka,1988,154.0
Sri Lanka,1983,86.0
Sri Lanka,1982,309.0
Sri Lanka,1981,574.0
Sri Lanka,1980,104.0
Sri Lanka,1979,46.0
Sri Lanka,1978,48.0
Sri Lanka,1977,5.0
Sri Lanka,1976,728.0
Sri Lanka,1975,1453.0
Sri Lanka,1974,4559.0
Sri Lanka,1973,118.0
Sudan,2009,13681.0
Sudan,2008,17241.0
Sudan,2007,13731.0
Sudan,2006,30662.0
Sudan,1999,0.0
Sudan,1985,4457.0
Sudan,1980,17.0
Sudan,1979,845.0
Suriname,1992,12.0
Sweden,2015,1.0
Sweden,2011,1.0
Sweden,2006,1.0
Sweden,2004,1.0
Sweden,2003,1.0
Sweden,1996,1.0
Sweden,1995,2.0
Sweden,1994,1.0
Sweden,1992,1.0
Sweden,1987,1.0
Sweden,1986,1.0
Sweden,1979,1.0
Sweden,1976,1.0
Sweden,1974,1.0
Sweden,1973,10.0
Sweden,1971,4.0
Switzerland,2015,2.0
Switzerland,2006,1.0
Switzerland,1998,2.0
Switzerland,1995,2.0
Switzerland,1993,2.0
Switzerland,1992,1.0
Switzerland,1988,1.0
Switzerland,1985,1.0
Switzerland,1981,2.0
Switzerland,1978,1.0
Switzerland,1977,1.0
Syrian Arab Republic,1979,689.0
Syrian Arab Republic,1977,2362.0
Syrian Arab Republic,1976,795.0
Syrian Arab Republic,1975,67.0
Syrian Arab Republic,1972,505.0
Syrian Arab Republic,1971,5.0
Syrian Arab Republic,1970,49.0
Tajikistan,1994,10.0
Tajikistan,1993,165.0
Thailand,2016,52.0
Thailand,2015,125.0
Thailand,2014,12.0
Thailand,2013,8.0
Thailand,2012,29.0
Thailand,2011,279.0
Thailand,2010,1974.0
Thailand,2009,315.0
Thailand,2008,436.0
Thailand,2007,1428.0
Thailand,2006,35.0
Thailand,1994,3487.0
Thailand,1988,3418.0
Thailand,1987,6353.0
Thailand,1986,213.0
Thailand,1985,899.0
Thailand,1984,645.0
Thailand,1983,1497.0
Thailand,1982,638.0
Thailand,1981,39.0
Thailand,1980,4331.0
Thailand,1979,1788.0
Thailand,1978,4183.0
Thailand,1977,383.0
Thailand,1976,6.0
Thailand,1975,1335.0
Thailand,1974,1475.0
Thailand,1973,844.0
Thailand,1969,961.0
Thailand,1968,404.0
Thailand,1967,148.0
Thailand,1966,401.0
Thailand,1965,65.0
Thailand,1964,960.0
Thailand,1963,2230.0
Thailand,1959,4368.0
Thailand,1958,10201.0
Thailand,1951,1.0
Thailand,1949,16.0
The former state union Serbia and Montenegro,1994,2.0
The former state union Serbia and Montenegro,1989,4.0
The former state union Serbia and Montenegro,1981,2.0
The former state union Serbia and Montenegro,1976,3.0
Togo,2015,35.0
Togo,2014,262.0
Togo,2013,166.0
Togo,2012,61.0
Togo,2011,4.0
Togo,2010,72.0
Togo,2009,218.0
Togo,2008,397.0
Togo,2007,65.0
Togo,2006,1159.0
Togo,2005,1320.0
Togo,2004,1080.0
Togo,2003,384.0
Togo,2002,257.0
Togo,2001,2551.0
Togo,2000,338.0
Togo,1999,667.0
Togo,1998,3217.0
Togo,1997,42.0
Togo,1996,146.0
Togo,1995,65.0
Togo,1994,47.0
Togo,1993,19.0
Togo,1992,753.0
Togo,1991,2396.0
Togo,1988,1.0
Togo,1978,6.0
Togo,1977,132.0
Togo,1974,58.0
Togo,1972,16.0
Togo,1971,335.0
Togo,1970,75.0
Tonga,2001,145.0
Tunisia,1973,656.0
Tunisia,1972,4.0
Tunisia,1970,27.0
Turkey,1977,17.0
Turkey,1970,384.0
Turkmenistan,2002,30.0
Turkmenistan,2001,561.0
Turkmenistan,1997,55.0
Turkmenistan,1994,1.0
Tuvalu,1992,293.0
Tuvalu,1990,42.0
Uganda,2016,516.0
Uganda,2015,1461.0
Uganda,2014,309.0
Uganda,2013,748.0
Uganda,2012,6326.0
Uganda,2010,2341.0
Uganda,2009,1095.0
Uganda,2008,3726.0
Uganda,2007,276.0
Uganda,2006,5194.0
Uganda,2005,4924.0
Uganda,2004,3380.0
Uganda,2003,4377.0
Uganda,2002,2274.0
Uganda,2001,247.0
Uganda,2000,2807.0
Uganda,1999,5179.0
Uganda,1998,49514.0
Uganda,1997,2610.0
Uganda,1996,291.0
Uganda,1995,538.0
Uganda,1994,704.0
Uganda,1992,5072.0
Uganda,1991,279.0
Uganda,1987,140.0
Uganda,1982,190.0
Uganda,1980,1539.0
Uganda,1979,940.0
Uganda,1978,1120.0
Uganda,1975,3.0
Uganda,1971,757.0
Ukraine,2011,33.0
Ukraine,2007,0.0
Ukraine,1999,2.0
Ukraine,1995,525.0
Ukraine,1994,813.0
Ukraine,1991,75.0
United Arab Emirates,2002,3.0
United Arab Emirates,1972,2.0
United Kingdom of Great Britain and Northern Ireland,2016,19.0
United Kingdom of Great Britain and Northern Ireland,2015,15.0
United Kingdom of Great Britain and Northern Ireland,2014,14.0
United Kingdom of Great Britain and Northern Ireland,2013,6.0
United Kingdom of Great Britain and Northern Ireland,2012,17.0
United Kingdom of Great Britain and Northern Ireland,2011,32.0
United Kingdom of Great Britain and Northern Ireland,2010,8.0
United Kingdom of Great Britain and Northern Ireland,2009,16.0
United Kingdom of Great Britain and Northern Ireland,2008,8.0
United Kingdom of Great Britain and Northern Ireland,2007,32.0
United Kingdom of Great Britain and Northern Ireland,2006,49.0
United Kingdom of Great Britain and Northern Ireland,2004,13.0
United Kingdom of Great Britain and Northern Ireland,2003,9.0
United Kingdom of Great Britain and Northern Ireland,2000,33.0
United Kingdom of Great Britain and Northern Ireland,1998,18.0
United Kingdom of Great Britain and Northern Ireland,1997,6.0
United Kingdom of Great Britain and Northern Ireland,1996,13.0
United Kingdom of Great Britain and Northern Ireland,1995,10.0
United Kingdom of Great Britain and Northern Ireland,1994,18.0
United Kingdom of Great Britain and Northern Ireland,1993,13.0
United Kingdom of Great Britain and Northern Ireland,1992,5.0
United Kingdom of Great Britain and Northern Ireland,1991,8.0
United Kingdom of Great Britain and Northern Ireland,1990,6.0
United Kingdom of Great Britain and Northern Ireland,1989,1.0
United Kingdom of Great Britain and Northern Ireland,1988,10.0
United Kingdom of Great Britain and Northern Ireland,1987,2.0
United Kingdom of Great Britain and Northern Ireland,1986,11.0
United Kingdom of Great Britain and Northern Ireland,1985,4.0
United Kingdom of Great Britain and Northern Ireland,1984,5.0
United Kingdom of Great Britain and Northern Ireland,1983,4.0
United Kingdom of Great Britain and Northern Ireland,1982,1.0
United Kingdom of Great Britain and Northern Ireland,1981,12.0
United Kingdom of Great Britain and Northern Ireland,1980,6.0
United Kingdom of Great Britain and Northern Ireland,1977,2.0
United Kingdom of Great Britain and Northern Ireland,1976,1.0
United Kingdom of Great Britain and Northern Ireland,1975,1.0
United Kingdom of Great Britain and Northern Ireland,1974,3.0
United Kingdom of Great Britain and Northern Ireland,1973,5.0
United Kingdom of Great Britain and Northern Ireland,1972,2.0
United Kingdom of Great Britain and Northern Ireland,1971,3.0
United Kingdom of Great Britain and Northern Ireland,1970,1.0
United Republic of Tanzania,2016,11360.0
United Republic of Tanzania,2015,11563.0
United Republic of Tanzania,2013,270.0
United Republic of Tanzania,2012,286.0
United Republic of Tanzania,2011,942.0
United Republic of Tanzania,2010,4469.0
United Republic of Tanzania,2009,7700.0
United Republic of Tanzania,2008,2911.0
United Republic of Tanzania,2007,1609.0
United Republic of Tanzania,2006,14297.0
United Republic of Tanzania,2005,2945.0
United Republic of Tanzania,2004,10319.0
United Republic of Tanzania,2003,710.0
United Republic of Tanzania,2002,11920.0
United Republic of Tanzania,2001,1300.0
United Republic of Tanzania,2000,4637.0
United Republic of Tanzania,1999,12266.0
United Republic of Tanzania,1998,14488.0
United Republic of Tanzania,1997,40249.0
United Republic of Tanzania,1996,1464.0
United Republic of Tanzania,1995,2957.0
United Republic of Tanzania,1994,2240.0
United Republic of Tanzania,1993,792.0
United Republic of Tanzania,1992,18526.0
United Republic of Tanzania,1991,5676.0
United Republic of Tanzania,1990,2230.0
United Republic of Tanzania,1989,2150.0
United Republic of Tanzania,1988,5267.0
United Republic of Tanzania,1987,1892.0
United Republic of Tanzania,1986,1231.0
United Republic of Tanzania,1985,1984.0
United Republic of Tanzania,1984,2600.0
United Republic of Tanzania,1983,1816.0
United Republic of Tanzania,1982,4071.0
United Republic of Tanzania,1981,4241.0
United Republic of Tanzania,1980,5196.0
United Republic of Tanzania,1979,2559.0
United Republic of Tanzania,1978,6608.0
United Republic of Tanzania,1977,297.0
United Republic of Tanzania,1974,10.0
United States of America,2016,14.0
United States of America,2015,4.0
United States of America,2014,7.0
United States of America,2013,14.0
United States of America,2012,18.0
United States of America,2011,42.0
United States of America,2010,15.0
United States of America,2009,10.0
United States of America,2008,5.0
United States of America,2007,7.0
United States of America,2006,8.0
United States of America,2005,12.0
United States of America,2004,5.0
United States of America,2003,2.0
United States of America,2002,2.0
United States of America,2001,4.0
United States of America,2000,4.0
United States of America,1999,6.0
United States of America,1998,17.0
United States of America,1997,4.0
United States of America,1996,3.0
United States of America,1995,19.0
United States of America,1994,47.0
United States of America,1993,19.0
United States of America,1992,103.0
United States of America,1991,26.0
United States of America,1990,7.0
United States of America,1988,9.0
United States of America,1987,6.0
Uzbekistan,1994,1.0
Venezuela (Bolivarian Republic of),2013,4.0
Venezuela (Bolivarian Republic of),2011,49.0
Venezuela (Bolivarian Republic of),2000,141.0
Venezuela (Bolivarian Republic of),1999,376.0
Venezuela (Bolivarian Republic of),1998,313.0
Venezuela (Bolivarian Republic of),1997,2551.0
Venezuela (Bolivarian Republic of),1996,269.0
Venezuela (Bolivarian Republic of),1993,409.0
Venezuela (Bolivarian Republic of),1992,2842.0
Venezuela (Bolivarian Republic of),1991,15.0
Viet Nam,2011,3.0
Viet Nam,2010,606.0
Viet Nam,2009,471.0
Viet Nam,2008,853.0
Viet Nam,2007,1946.0
Viet Nam,2005,0.0
Viet Nam,1999,169.0
Viet Nam,1998,13.0
Viet Nam,1997,4.0
Viet Nam,1996,566.0
Viet Nam,1995,6088.0
Viet Nam,1994,5776.0
Viet Nam,1993,3361.0
Viet Nam,1992,4260.0
Viet Nam,1991,52.0
Viet Nam,1990,358.0
Viet Nam,1989,143.0
Viet Nam,1988,343.0
Viet Nam,1987,216.0
Viet Nam,1986,525.0
Viet Nam,1985,502.0
Viet Nam,1984,22.0
Viet Nam,1983,392.0
Viet Nam,1982,57.0
Viet Nam,1981,157.0
Viet Nam,1980,978.0
Viet Nam,1979,365.0
Viet Nam,1978,2.0
Viet Nam,1977,32.0
Viet Nam,1976,1068.0
Viet Nam,1975,5.0
Viet Nam,1974,139.0
Viet Nam,1973,1495.0
Viet Nam,1972,146.0
Viet Nam,1971,270.0
Viet Nam,1970,82.0
Viet Nam,1969,2573.0
Viet Nam,1968,1097.0
Viet Nam,1967,7664.0
Viet Nam,1966,8353.0
Viet Nam,1965,1738.0
Viet Nam,1964,20186.0
Viet Nam,1954,3.0
Viet Nam,1953,7.0
Viet Nam,1952,7.0
Viet Nam,1951,26.0
Viet Nam,1950,9.0
Yemen,2016,15751.0
Yemen,2011,31789.0
Yemen,2010,300.0
Yemen,2009,55.0
Yemen,1992,4.0
Yemen,1980,720.0
Yemen,1979,1953.0
Yemen,1978,414.0
Yemen,1975,1.0
Yemen,1974,6.0
Yemen,1973,215.0
Yemen,1972,1064.0
Yemen,1971,190.0
Zambia,2012,198.0
Zambia,2011,330.0
Zambia,2010,6794.0
Zambia,2009,4712.0
Zambia,2008,2061.0
Zambia,2007,2286.0
Zambia,2006,5360.0
Zambia,2005,1503.0
Zambia,2004,12149.0
Zambia,2003,1049.0
Zambia,2002,339.0
Zambia,2001,3109.0
Zambia,2000,4504.0
Zambia,1999,13511.0
Zambia,1998,171.0
Zambia,1997,36.0
Zambia,1996,2172.0
Zambia,1993,6766.0
Zambia,1992,11659.0
Zambia,1991,13154.0
Zambia,1990,3717.0
Zambia,1989,44.0
Zambia,1983,233.0
Zambia,1982,1403.0
Zambia,1981,14.0
Zambia,1980,57.0
Zambia,1979,12.0
Zambia,1978,263.0
Zimbabwe,2016,10.0
Zimbabwe,2015,60.0
Zimbabwe,2012,23.0
Zimbabwe,2011,1220.0
Zimbabwe,2010,951.0
Zimbabwe,2009,68153.0
Zimbabwe,2008,60055.0
Zimbabwe,2007,65.0
Zimbabwe,2006,789.0
Zimbabwe,2005,516.0
Zimbabwe,2004,119.0
Zimbabwe,2003,1009.0
Zimbabwe,2002,3125.0
Zimbabwe,2001,650.0
Zimbabwe,2000,1675.0
Zimbabwe,1999,5637.0
Zimbabwe,1998,995.0
Zimbabwe,1993,5385.0
Zimbabwe,1992,2048.0
Zimbabwe,1986,2.0
Zimbabwe,1985,144.0
Zimbabwe,1976,144.0
Zimbabwe,1975,615.0
Zimbabwe,1974,37.0
Zimbabwe,1973,1.0
