Country,Year,tuberculosis_incidence
Afghanistan,2018,70000
Afghanistan,2017,69000
Afghanistan,2016,67000
Afghanistan,2015,65000
Afghanistan,2014,63000
Afghanistan,2013,61000
Afghanistan,2012,59000
Afghanistan,2011,57000
Afghanistan,2010,55000
Afghanistan,2009,54000
Afghanistan,2008,52000
Afghanistan,2007,51000
Afghanistan,2006,50000
Afghanistan,2005,48000
Afghanistan,2004,47000
Afghanistan,2003,45000
Afghanistan,2002,43000
Afghanistan,2001,41000
Afghanistan,2000,39000
Albania,2018,510
Albania,2017,580
Albania,2016,480
Albania,2015,480
Albania,2014,470
Albania,2013,550
Albania,2012,470
Albania,2011,490
Albania,2010,500
Albania,2009,510
Albania,2008,490
Albania,2007,500
Albania,2006,540
Albania,2005,580
Albania,2004,630
Albania,2003,640
Albania,2002,680
Albania,2001,640
Albania,2000,690
Algeria,2018,29000
Algeria,2017,29000
Algeria,2016,29000
Algeria,2015,30000
Algeria,2014,28000
Algeria,2013,26000
Algeria,2012,27000
Algeria,2011,27000
Algeria,2010,28000
Algeria,2009,27000
Algeria,2008,26000
Algeria,2007,27000
Algeria,2006,26000
Algeria,2005,27000
Algeria,2004,25000
Algeria,2003,25000
Algeria,2002,24000
Algeria,2001,23000
Algeria,2000,23000
Andorra,2018,2
Andorra,2017,1
Andorra,2016,5
Andorra,2015,5
Andorra,2014,7
Andorra,2013,6
Andorra,2012,10
Andorra,2011,3
Andorra,2010,8
Andorra,2009,9
Andorra,2008,5
Andorra,2007,6
Andorra,2006,14
Andorra,2005,12
Andorra,2004,8
Andorra,2003,13
Andorra,2002,6
Andorra,2001,12
Andorra,2000,14
Angola,2018,109000
Angola,2017,107000
Angola,2016,105000
Angola,2015,102000
Angola,2014,100000
Angola,2013,98000
Angola,2012,95000
Angola,2011,93000
Angola,2010,90000
Angola,2009,87000
Angola,2008,83000
Angola,2007,79000
Angola,2006,76000
Angola,2005,72000
Angola,2004,66000
Angola,2003,61000
Angola,2002,56000
Angola,2001,52000
Angola,2000,49000
Antigua and Barbuda,2018,6
Antigua and Barbuda,2017,1
Antigua and Barbuda,2016,3
Antigua and Barbuda,2015,5
Antigua and Barbuda,2014,3
Antigua and Barbuda,2013,12
Antigua and Barbuda,2012,3
Antigua and Barbuda,2011,7
Antigua and Barbuda,2010,8
Antigua and Barbuda,2009,3
Antigua and Barbuda,2008,1
Antigua and Barbuda,2007,2
Antigua and Barbuda,2006,5
Antigua and Barbuda,2005,7
Antigua and Barbuda,2004,5
Antigua and Barbuda,2003,1
Antigua and Barbuda,2002,5
Antigua and Barbuda,2001,1
Antigua and Barbuda,2000,5
Argentina,2018,12000
Argentina,2017,12000
Argentina,2016,12000
Argentina,2015,11000
Argentina,2014,11000
Argentina,2013,10000
Argentina,2012,10000
Argentina,2011,11000
Argentina,2010,8400
Argentina,2009,8900
Argentina,2008,11000
Argentina,2007,12000
Argentina,2006,11000
Argentina,2005,12000
Argentina,2004,13000
Argentina,2003,12000
Argentina,2002,13000
Argentina,2001,13000
Argentina,2000,14000
Armenia,2018,920
Armenia,2017,1100
Armenia,2016,1300
Armenia,2015,1500
Armenia,2014,1700
Armenia,2013,1700
Armenia,2012,1500
Armenia,2011,1600
Armenia,2010,1800
Armenia,2009,2000
Armenia,2008,2100
Armenia,2007,2100
Armenia,2006,2200
Armenia,2005,2800
Armenia,2004,2100
Armenia,2003,1900
Armenia,2002,1800
Armenia,2001,1700
Armenia,2000,1700
Australia,2018,1700
Australia,2017,1600
Australia,2016,1600
Australia,2015,1400
Australia,2014,1500
Australia,2013,1400
Australia,2012,1500
Australia,2011,1400
Australia,2010,1400
Australia,2009,1500
Australia,2008,1400
Australia,2007,1300
Australia,2006,1300
Australia,2005,1200
Australia,2004,1200
Australia,2003,1100
Australia,2002,1200
Australia,2001,1100
Australia,2000,1200
Austria,2018,630
Austria,2017,650
Austria,2016,710
Austria,2015,650
Austria,2014,650
Austria,2013,720
Austria,2012,710
Austria,2011,770
Austria,2010,760
Austria,2009,760
Austria,2008,870
Austria,2007,930
Austria,2006,980
Austria,2005,1100
Austria,2004,1000
Austria,2003,1100
Austria,2002,1200
Austria,2001,1200
Austria,2000,1400
Azerbaijan,2018,6300
Azerbaijan,2017,6500
Azerbaijan,2016,6400
Azerbaijan,2015,6800
Azerbaijan,2014,7200
Azerbaijan,2013,7300
Azerbaijan,2012,8000
Azerbaijan,2011,11000
Azerbaijan,2010,9400
Azerbaijan,2009,12000
Azerbaijan,2008,9500
Azerbaijan,2007,6900
Azerbaijan,2006,7100
Azerbaijan,2005,7500
Azerbaijan,2004,6800
Azerbaijan,2003,4800
Azerbaijan,2002,6400
Azerbaijan,2001,6100
Azerbaijan,2000,6500
Bahamas,2018,54
Bahamas,2017,59
Bahamas,2016,100
Bahamas,2015,71
Bahamas,2014,58
Bahamas,2013,38
Bahamas,2012,37
Bahamas,2011,47
Bahamas,2010,36
Bahamas,2009,52
Bahamas,2008,56
Bahamas,2007,53
Bahamas,2006,69
Bahamas,2005,55
Bahamas,2004,61
Bahamas,2003,44
Bahamas,2002,51
Bahamas,2001,72
Bahamas,2000,94
Bahrain,2018,180
Bahrain,2017,170
Bahrain,2016,180
Bahrain,2015,200
Bahrain,2014,220
Bahrain,2013,240
Bahrain,2012,260
Bahrain,2011,260
Bahrain,2010,280
Bahrain,2009,370
Bahrain,2008,350
Bahrain,2007,340
Bahrain,2006,320
Bahrain,2005,320
Bahrain,2004,280
Bahrain,2003,300
Bahrain,2002,220
Bahrain,2001,220
Bahrain,2000,240
Bangladesh,2018,357000
Bangladesh,2017,353000
Bangladesh,2016,349000
Bangladesh,2015,346000
Bangladesh,2014,342000
Bangladesh,2013,338000
Bangladesh,2012,334000
Bangladesh,2011,330000
Bangladesh,2010,326000
Bangladesh,2009,323000
Bangladesh,2008,319000
Bangladesh,2007,316000
Bangladesh,2006,312000
Bangladesh,2005,308000
Bangladesh,2004,303000
Bangladesh,2003,298000
Bangladesh,2002,293000
Bangladesh,2001,288000
Bangladesh,2000,282000
Barbados,2018,1
Barbados,2017,0
Barbados,2016,3
Barbados,2015,0
Barbados,2014,6
Barbados,2013,5
Barbados,2012,5
Barbados,2011,0
Barbados,2010,7
Barbados,2009,2
Barbados,2008,3
Barbados,2007,18
Barbados,2006,6
Barbados,2005,11
Barbados,2004,22
Barbados,2003,10
Barbados,2002,6
Barbados,2001,7
Barbados,2000,3
Belarus,2018,2900
Belarus,2017,3500
Belarus,2016,4000
Belarus,2015,4700
Belarus,2014,4800
Belarus,2013,5600
Belarus,2012,6000
Belarus,2011,5900
Belarus,2010,6400
Belarus,2009,6600
Belarus,2008,6400
Belarus,2007,6700
Belarus,2006,6400
Belarus,2005,6600
Belarus,2004,6800
Belarus,2003,7500
Belarus,2002,6400
Belarus,2001,6900
Belarus,2000,8500
Belgium,2018,1000
Belgium,2017,1100
Belgium,2016,1100
Belgium,2015,1100
Belgium,2014,1000
Belgium,2013,1000
Belgium,2012,1000
Belgium,2011,1100
Belgium,2010,1200
Belgium,2009,1100
Belgium,2008,1100
Belgium,2007,1100
Belgium,2006,1200
Belgium,2005,1200
Belgium,2004,1300
Belgium,2003,1200
Belgium,2002,1400
Belgium,2001,1500
Belgium,2000,1500
Belize,2018,110
Belize,2017,130
Belize,2016,140
Belize,2015,90
Belize,2014,83
Belize,2013,140
Belize,2012,97
Belize,2011,85
Belize,2010,170
Belize,2009,100
Belize,2008,100
Belize,2007,72
Belize,2006,98
Belize,2005,120
Belize,2004,95
Belize,2003,110
Belize,2002,160
Belize,2001,160
Belize,2000,120
Benin,2018,6500
Benin,2017,6400
Benin,2016,6400
Benin,2015,6400
Benin,2014,6300
Benin,2013,6400
Benin,2012,6400
Benin,2011,6400
Benin,2010,6300
Benin,2009,6200
Benin,2008,6000
Benin,2007,5800
Benin,2006,5900
Benin,2005,5800
Benin,2004,5800
Benin,2003,5800
Benin,2002,5900
Benin,2001,5900
Benin,2000,5900
Bhutan,2018,1100
Bhutan,2017,1100
Bhutan,2016,1400
Bhutan,2015,1200
Bhutan,2014,1300
Bhutan,2013,1400
Bhutan,2012,1400
Bhutan,2011,1500
Bhutan,2010,1600
Bhutan,2009,1400
Bhutan,2008,1200
Bhutan,2007,1200
Bhutan,2006,1100
Bhutan,2005,1300
Bhutan,2004,1200
Bhutan,2003,1300
Bhutan,2002,1400
Bhutan,2001,1300
Bhutan,2000,1400
Bolivia (Plurinational State of),2018,12000
Bolivia (Plurinational State of),2017,12000
Bolivia (Plurinational State of),2016,13000
Bolivia (Plurinational State of),2015,13000
Bolivia (Plurinational State of),2014,13000
Bolivia (Plurinational State of),2013,13000
Bolivia (Plurinational State of),2012,13000
Bolivia (Plurinational State of),2011,13000
Bolivia (Plurinational State of),2010,14000
Bolivia (Plurinational State of),2009,14000
Bolivia (Plurinational State of),2008,14000
Bolivia (Plurinational State of),2007,14000
Bolivia (Plurinational State of),2006,14000
Bolivia (Plurinational State of),2005,15000
Bolivia (Plurinational State of),2004,15000
Bolivia (Plurinational State of),2003,15000
Bolivia (Plurinational State of),2002,15000
Bolivia (Plurinational State of),2001,15000
Bolivia (Plurinational State of),2000,16000
Bosnia and Herzegovina,2018,830
Bosnia and Herzegovina,2017,960
Bosnia and Herzegovina,2016,1100
Bosnia and Herzegovina,2015,1400
Bosnia and Herzegovina,2014,1500
Bosnia and Herzegovina,2013,1600
Bosnia and Herzegovina,2012,1800
Bosnia and Herzegovina,2011,1700
Bosnia and Herzegovina,2010,1700
Bosnia and Herzegovina,2009,2200
Bosnia and Herzegovina,2008,2100
Bosnia and Herzegovina,2007,3000
Bosnia and Herzegovina,2006,2200
Bosnia and Herzegovina,2005,2600
Bosnia and Herzegovina,2004,2900
Bosnia and Herzegovina,2003,2200
Bosnia and Herzegovina,2002,2100
Bosnia and Herzegovina,2001,3100
Bosnia and Herzegovina,2000,3100
Botswana,2018,6200
Botswana,2017,6600
Botswana,2016,7100
Botswana,2015,7500
Botswana,2014,8000
Botswana,2013,8500
Botswana,2012,9100
Botswana,2011,9700
Botswana,2010,10000
Botswana,2009,11000
Botswana,2008,11000
Botswana,2007,12000
Botswana,2006,13000
Botswana,2005,13000
Botswana,2004,14000
Botswana,2003,14000
Botswana,2002,15000
Botswana,2001,15000
Botswana,2000,15000
Brazil,2018,95000
Brazil,2017,91000
Brazil,2016,88000
Brazil,2015,87000
Brazil,2014,87000
Brazil,2013,89000
Brazil,2012,88000
Brazil,2011,88000
Brazil,2010,86000
Brazil,2009,88000
Brazil,2008,89000
Brazil,2007,87000
Brazil,2006,87000
Brazil,2005,93000
Brazil,2004,100000
Brazil,2003,97000
Brazil,2002,94000
Brazil,2001,86000
Brazil,2000,90000
Brunei Darussalam,2018,290
Brunei Darussalam,2017,270
Brunei Darussalam,2016,280
Brunei Darussalam,2015,240
Brunei Darussalam,2014,230
Brunei Darussalam,2013,240
Brunei Darussalam,2012,280
Brunei Darussalam,2011,260
Brunei Darussalam,2010,270
Brunei Darussalam,2009,240
Brunei Darussalam,2008,260
Brunei Darussalam,2007,240
Brunei Darussalam,2006,230
Brunei Darussalam,2005,190
Brunei Darussalam,2004,210
Brunei Darussalam,2003,240
Brunei Darussalam,2002,260
Brunei Darussalam,2001,250
Brunei Darussalam,2000,350
Bulgaria,2018,1600
Bulgaria,2017,1800
Bulgaria,2016,1900
Bulgaria,2015,2000
Bulgaria,2014,2300
Bulgaria,2013,2400
Bulgaria,2012,2600
Bulgaria,2011,2700
Bulgaria,2010,3000
Bulgaria,2009,3300
Bulgaria,2008,3700
Bulgaria,2007,3600
Bulgaria,2006,3900
Bulgaria,2005,4000
Bulgaria,2004,3800
Bulgaria,2003,4100
Bulgaria,2002,4200
Bulgaria,2001,4800
Bulgaria,2000,4200
Burkina Faso,2018,9500
Burkina Faso,2017,9500
Burkina Faso,2016,9400
Burkina Faso,2015,9400
Burkina Faso,2014,9400
Burkina Faso,2013,9200
Burkina Faso,2012,9200
Burkina Faso,2011,9100
Burkina Faso,2010,9100
Burkina Faso,2009,9000
Burkina Faso,2008,8900
Burkina Faso,2007,8800
Burkina Faso,2006,8700
Burkina Faso,2005,8600
Burkina Faso,2004,8500
Burkina Faso,2003,8400
Burkina Faso,2002,8300
Burkina Faso,2001,8200
Burkina Faso,2000,8200
Burundi,2018,12000
Burundi,2017,12000
Burundi,2016,12000
Burundi,2015,12000
Burundi,2014,12000
Burundi,2013,12000
Burundi,2012,12000
Burundi,2011,12000
Burundi,2010,13000
Burundi,2009,13000
Burundi,2008,13000
Burundi,2007,13000
Burundi,2006,14000
Burundi,2005,14000
Burundi,2004,15000
Burundi,2003,16000
Burundi,2002,17000
Burundi,2001,18000
Burundi,2000,19000
Cabo Verde,2018,250
Cabo Verde,2017,310
Cabo Verde,2016,310
Cabo Verde,2015,340
Cabo Verde,2014,340
Cabo Verde,2013,380
Cabo Verde,2012,520
Cabo Verde,2011,470
Cabo Verde,2010,440
Cabo Verde,2009,410
Cabo Verde,2008,420
Cabo Verde,2007,340
Cabo Verde,2006,330
Cabo Verde,2005,370
Cabo Verde,2004,370
Cabo Verde,2003,400
Cabo Verde,2002,240
Cabo Verde,2001,360
Cabo Verde,2000,350
Cambodia,2018,49000
Cambodia,2017,52000
Cambodia,2016,55000
Cambodia,2015,57000
Cambodia,2014,59000
Cambodia,2013,60000
Cambodia,2012,61000
Cambodia,2011,62000
Cambodia,2010,63000
Cambodia,2009,64000
Cambodia,2008,65000
Cambodia,2007,66000
Cambodia,2006,67000
Cambodia,2005,68000
Cambodia,2004,69000
Cambodia,2003,69000
Cambodia,2002,70000
Cambodia,2001,70000
Cambodia,2000,70000
Cameroon,2018,47000
Cameroon,2017,48000
Cameroon,2016,49000
Cameroon,2015,49000
Cameroon,2014,50000
Cameroon,2013,52000
Cameroon,2012,52000
Cameroon,2011,52000
Cameroon,2010,53000
Cameroon,2009,54000
Cameroon,2008,54000
Cameroon,2007,55000
Cameroon,2006,55000
Cameroon,2005,55000
Cameroon,2004,55000
Cameroon,2003,54000
Cameroon,2002,53000
Cameroon,2001,51000
Cameroon,2000,48000
Canada,2018,2100
Canada,2017,2100
Canada,2016,2000
Canada,2015,1900
Canada,2014,1800
Canada,2013,1900
Canada,2012,1900
Canada,2011,1600
Canada,2010,1600
Canada,2009,1800
Canada,2008,1800
Canada,2007,1700
Canada,2006,1800
Canada,2005,1800
Canada,2004,1800
Canada,2003,1900
Canada,2002,1900
Canada,2001,2000
Canada,2000,2000
Central African Republic,2018,25000
Central African Republic,2017,25000
Central African Republic,2016,25000
Central African Republic,2015,24000
Central African Republic,2014,24000
Central African Republic,2013,24000
Central African Republic,2012,24000
Central African Republic,2011,24000
Central African Republic,2010,24000
Central African Republic,2009,23000
Central African Republic,2008,23000
Central African Republic,2007,23000
Central African Republic,2006,22000
Central African Republic,2005,22000
Central African Republic,2004,21000
Central African Republic,2003,21000
Central African Republic,2002,21000
Central African Republic,2001,20000
Central African Republic,2000,20000
Chad,2018,22000
Chad,2017,21000
Chad,2016,21000
Chad,2015,20000
Chad,2014,20000
Chad,2013,19000
Chad,2012,19000
Chad,2011,18000
Chad,2010,18000
Chad,2009,17000
Chad,2008,17000
Chad,2007,16000
Chad,2006,16000
Chad,2005,15000
Chad,2004,15000
Chad,2003,14000
Chad,2002,14000
Chad,2001,13000
Chad,2000,13000
Chile,2018,3400
Chile,2017,3200
Chile,2016,2900
Chile,2015,3000
Chile,2014,2700
Chile,2013,2800
Chile,2012,2800
Chile,2011,2800
Chile,2010,2700
Chile,2009,2800
Chile,2008,2800
Chile,2007,2800
Chile,2006,2900
Chile,2005,2900
Chile,2004,3100
Chile,2003,2600
Chile,2002,2800
Chile,2001,3500
Chile,2000,3500
China,2018,866000
China,2017,884000
China,2016,890000
China,2015,912000
China,2014,936000
China,2013,968000
China,2012,1020000
China,2011,1030000
China,2010,1040000
China,2009,1100000
China,2008,1110000
China,2007,1140000
China,2006,1170000
China,2005,1210000
China,2004,1240000
China,2003,1280000
China,2002,1310000
China,2001,1350000
China,2000,1390000
Colombia,2018,16000
Colombia,2017,16000
Colombia,2016,16000
Colombia,2015,15000
Colombia,2014,15000
Colombia,2013,15000
Colombia,2012,15000
Colombia,2011,15000
Colombia,2010,14000
Colombia,2009,14000
Colombia,2008,14000
Colombia,2007,14000
Colombia,2006,14000
Colombia,2005,13000
Colombia,2004,14000
Colombia,2003,15000
Colombia,2002,14000
Colombia,2001,14000
Colombia,2000,15000
Comoros,2018,290
Comoros,2017,280
Comoros,2016,280
Comoros,2015,270
Comoros,2014,260
Comoros,2013,250
Comoros,2012,250
Comoros,2011,240
Comoros,2010,230
Comoros,2009,230
Comoros,2008,220
Comoros,2007,220
Comoros,2006,220
Comoros,2005,220
Comoros,2004,220
Comoros,2003,220
Comoros,2002,210
Comoros,2001,210
Comoros,2000,210
Congo,2018,20000
Congo,2017,19000
Congo,2016,19000
Congo,2015,18000
Congo,2014,18000
Congo,2013,18000
Congo,2012,17000
Congo,2011,17000
Congo,2010,17000
Congo,2009,16000
Congo,2008,16000
Congo,2007,16000
Congo,2006,16000
Congo,2005,15000
Congo,2004,15000
Congo,2003,14000
Congo,2002,13000
Congo,2001,12000
Congo,2000,11000
Cook Islands,2018,0
Cook Islands,2017,0
Cook Islands,2016,2
Cook Islands,2015,0
Cook Islands,2014,2
Cook Islands,2013,2
Cook Islands,2012,1
Cook Islands,2011,1
Cook Islands,2010,0
Cook Islands,2009,2
Cook Islands,2008,2
Cook Islands,2007,1
Cook Islands,2006,1
Cook Islands,2005,1
Cook Islands,2004,1
Cook Islands,2003,0
Cook Islands,2002,1
Cook Islands,2001,2
Cook Islands,2000,1
Costa Rica,2018,500
Costa Rica,2017,470
Costa Rica,2016,460
Costa Rica,2015,530
Costa Rica,2014,580
Costa Rica,2013,510
Costa Rica,2012,590
Costa Rica,2011,640
Costa Rica,2010,620
Costa Rica,2009,550
Costa Rica,2008,630
Costa Rica,2007,690
Costa Rica,2006,610
Costa Rica,2005,670
Costa Rica,2004,890
Costa Rica,2003,680
Costa Rica,2002,680
Costa Rica,2001,790
Costa Rica,2000,730
Côte d'Ivoire,2018,36000
Côte d'Ivoire,2017,36000
Côte d'Ivoire,2016,36000
Côte d'Ivoire,2015,37000
Côte d'Ivoire,2014,37000
Côte d'Ivoire,2013,38000
Côte d'Ivoire,2012,38000
Côte d'Ivoire,2011,39000
Côte d'Ivoire,2010,40000
Côte d'Ivoire,2009,41000
Côte d'Ivoire,2008,43000
Côte d'Ivoire,2007,45000
Côte d'Ivoire,2006,47000
Côte d'Ivoire,2005,49000
Côte d'Ivoire,2004,52000
Côte d'Ivoire,2003,54000
Côte d'Ivoire,2002,57000
Côte d'Ivoire,2001,59000
Côte d'Ivoire,2000,60000
Croatia,2018,350
Croatia,2017,420
Croatia,2016,520
Croatia,2015,560
Croatia,2014,570
Croatia,2013,590
Croatia,2012,620
Croatia,2011,710
Croatia,2010,790
Croatia,2009,960
Croatia,2008,1100
Croatia,2007,1100
Croatia,2006,1200
Croatia,2005,1200
Croatia,2004,1300
Croatia,2003,1600
Croatia,2002,1700
Croatia,2001,1600
Croatia,2000,1900
Cuba,2018,820
Cuba,2017,820
Cuba,2016,780
Cuba,2015,800
Cuba,2014,840
Cuba,2013,870
Cuba,2012,840
Cuba,2011,930
Cuba,2010,950
Cuba,2009,820
Cuba,2008,940
Cuba,2007,880
Cuba,2006,880
Cuba,2005,890
Cuba,2004,900
Cuba,2003,970
Cuba,2002,1000
Cuba,2001,1100
Cuba,2000,1400
Cyprus,2018,65
Cyprus,2017,60
Cyprus,2016,66
Cyprus,2015,72
Cyprus,2014,45
Cyprus,2013,47
Cyprus,2012,72
Cyprus,2011,59
Cyprus,2010,70
Cyprus,2009,59
Cyprus,2008,55
Cyprus,2007,47
Cyprus,2006,41
Cyprus,2005,39
Cyprus,2004,34
Cyprus,2003,40
Cyprus,2002,23
Cyprus,2001,46
Cyprus,2000,38
Czechia,2018,580
Czechia,2017,570
Czechia,2016,590
Czechia,2015,580
Czechia,2014,550
Czechia,2013,540
Czechia,2012,650
Czechia,2011,650
Czechia,2010,710
Czechia,2009,730
Czechia,2008,930
Czechia,2007,910
Czechia,2006,1100
Czechia,2005,1100
Czechia,2004,1200
Czechia,2003,1300
Czechia,2002,1300
Czechia,2001,1500
Czechia,2000,1600
Democratic People's Republic of Korea,2018,131000
Democratic People's Republic of Korea,2017,130000
Democratic People's Republic of Korea,2016,130000
Democratic People's Republic of Korea,2015,129000
Democratic People's Republic of Korea,2014,128000
Democratic People's Republic of Korea,2013,128000
Democratic People's Republic of Korea,2012,127000
Democratic People's Republic of Korea,2011,127000
Democratic People's Republic of Korea,2010,126000
Democratic People's Republic of Korea,2009,125000
Democratic People's Republic of Korea,2008,125000
Democratic People's Republic of Korea,2007,124000
Democratic People's Republic of Korea,2006,123000
Democratic People's Republic of Korea,2005,123000
Democratic People's Republic of Korea,2004,122000
Democratic People's Republic of Korea,2003,121000
Democratic People's Republic of Korea,2002,120000
Democratic People's Republic of Korea,2001,119000
Democratic People's Republic of Korea,2000,118000
Democratic Republic of the Congo,2018,270000
Democratic Republic of the Congo,2017,262000
Democratic Republic of the Congo,2016,254000
Democratic Republic of the Congo,2015,247000
Democratic Republic of the Congo,2014,240000
Democratic Republic of the Congo,2013,233000
Democratic Republic of the Congo,2012,226000
Democratic Republic of the Congo,2011,218000
Democratic Republic of the Congo,2010,211000
Democratic Republic of the Congo,2009,204000
Democratic Republic of the Congo,2008,198000
Democratic Republic of the Congo,2007,191000
Democratic Republic of the Congo,2006,185000
Democratic Republic of the Congo,2005,179000
Democratic Republic of the Congo,2004,173000
Democratic Republic of the Congo,2003,168000
Democratic Republic of the Congo,2002,163000
Democratic Republic of the Congo,2001,158000
Democratic Republic of the Congo,2000,154000
Denmark,2018,310
Denmark,2017,290
Denmark,2016,340
Denmark,2015,370
Denmark,2014,340
Denmark,2013,380
Denmark,2012,390
Denmark,2011,410
Denmark,2010,380
Denmark,2009,340
Denmark,2008,380
Denmark,2007,410
Denmark,2006,390
Denmark,2005,450
Denmark,2004,410
Denmark,2003,450
Denmark,2002,460
Denmark,2001,570
Denmark,2000,680
Djibouti,2018,2500
Djibouti,2017,2600
Djibouti,2016,3200
Djibouti,2015,3400
Djibouti,2014,3000
Djibouti,2013,4000
Djibouti,2012,4300
Djibouti,2011,4600
Djibouti,2010,5200
Djibouti,2009,4700
Djibouti,2008,4600
Djibouti,2007,4000
Djibouti,2006,3800
Djibouti,2005,3900
Djibouti,2004,3700
Djibouti,2003,4000
Djibouti,2002,4000
Djibouti,2001,5200
Djibouti,2000,5000
Dominica,2018,5
Dominica,2017,1
Dominica,2016,6
Dominica,2015,8
Dominica,2014,1
Dominica,2013,3
Dominica,2012,8
Dominica,2011,2
Dominica,2010,9
Dominica,2009,5
Dominica,2008,15
Dominica,2007,3
Dominica,2006,22
Dominica,2005,8
Dominica,2004,7
Dominica,2003,7
Dominica,2002,2
Dominica,2001,5
Dominica,2000,4
Dominican Republic,2018,4800
Dominican Republic,2017,4800
Dominican Republic,2016,5300
Dominican Republic,2015,5600
Dominican Republic,2014,5500
Dominican Republic,2013,5600
Dominican Republic,2012,5300
Dominican Republic,2011,5400
Dominican Republic,2010,5000
Dominican Republic,2009,5300
Dominican Republic,2008,5300
Dominican Republic,2007,5200
Dominican Republic,2006,5700
Dominican Republic,2005,6300
Dominican Republic,2004,5700
Dominican Republic,2003,6000
Dominican Republic,2002,5100
Dominican Republic,2001,6000
Dominican Republic,2000,6600
Ecuador,2018,7400
Ecuador,2017,7200
Ecuador,2016,6600
Ecuador,2015,6400
Ecuador,2014,6400
Ecuador,2013,6600
Ecuador,2012,6800
Ecuador,2011,6400
Ecuador,2010,6000
Ecuador,2009,5900
Ecuador,2008,6100
Ecuador,2007,6100
Ecuador,2006,5700
Ecuador,2005,5500
Ecuador,2004,7900
Ecuador,2003,8500
Ecuador,2002,7300
Ecuador,2001,7500
Ecuador,2000,8600
Egypt,2018,12000
Egypt,2017,13000
Egypt,2016,13000
Egypt,2015,13000
Egypt,2014,13000
Egypt,2013,14000
Egypt,2012,15000
Egypt,2011,15000
Egypt,2010,15000
Egypt,2009,15000
Egypt,2008,15000
Egypt,2007,16000
Egypt,2006,16000
Egypt,2005,16000
Egypt,2004,16000
Egypt,2003,17000
Egypt,2002,17000
Egypt,2001,17000
Egypt,2000,18000
El Salvador,2018,4500
El Salvador,2017,4600
El Salvador,2016,3800
El Salvador,2015,3100
El Salvador,2014,2800
El Salvador,2013,2700
El Salvador,2012,2600
El Salvador,2011,2400
El Salvador,2010,2100
El Salvador,2009,2100
El Salvador,2008,2100
El Salvador,2007,2100
El Salvador,2006,2100
El Salvador,2005,2200
El Salvador,2004,1800
El Salvador,2003,1700
El Salvador,2002,1900
El Salvador,2001,1800
El Salvador,2000,1900
Equatorial Guinea,2018,2600
Equatorial Guinea,2017,2400
Equatorial Guinea,2016,2200
Equatorial Guinea,2015,2000
Equatorial Guinea,2014,1800
Equatorial Guinea,2013,1600
Equatorial Guinea,2012,1500
Equatorial Guinea,2011,1300
Equatorial Guinea,2010,1200
Equatorial Guinea,2009,1100
Equatorial Guinea,2008,1000
Equatorial Guinea,2007,930
Equatorial Guinea,2006,860
Equatorial Guinea,2005,800
Equatorial Guinea,2004,750
Equatorial Guinea,2003,700
Equatorial Guinea,2002,660
Equatorial Guinea,2001,620
Equatorial Guinea,2000,580
Eritrea,2018,3100
Eritrea,2017,3400
Eritrea,2016,3700
Eritrea,2015,3400
Eritrea,2014,3900
Eritrea,2013,4700
Eritrea,2012,5200
Eritrea,2011,5000
Eritrea,2010,4700
Eritrea,2009,4800
Eritrea,2008,4900
Eritrea,2007,6000
Eritrea,2006,5000
Eritrea,2005,5900
Eritrea,2004,7000
Eritrea,2003,7800
Eritrea,2002,4300
Eritrea,2001,4200
Eritrea,2000,4100
Estonia,2018,170
Estonia,2017,200
Estonia,2016,220
Estonia,2015,240
Estonia,2014,270
Estonia,2013,300
Estonia,2012,300
Estonia,2011,340
Estonia,2010,330
Estonia,2009,410
Estonia,2008,460
Estonia,2007,520
Estonia,2006,490
Estonia,2005,550
Estonia,2004,620
Estonia,2003,670
Estonia,2002,710
Estonia,2001,810
Estonia,2000,910
Eswatini,2018,3700
Eswatini,2017,4200
Eswatini,2016,4500
Eswatini,2015,5300
Eswatini,2014,7000
Eswatini,2013,8300
Eswatini,2012,9000
Eswatini,2011,10000
Eswatini,2010,13000
Eswatini,2009,13000
Eswatini,2008,11000
Eswatini,2007,11000
Eswatini,2006,11000
Eswatini,2005,11000
Eswatini,2004,10000
Eswatini,2003,9700
Eswatini,2002,8400
Eswatini,2001,7600
Eswatini,2000,7300
Ethiopia,2018,165000
Ethiopia,2017,174000
Ethiopia,2016,184000
Ethiopia,2015,194000
Ethiopia,2014,203000
Ethiopia,2013,214000
Ethiopia,2012,221000
Ethiopia,2011,228000
Ethiopia,2010,235000
Ethiopia,2009,241000
Ethiopia,2008,246000
Ethiopia,2007,250000
Ethiopia,2006,255000
Ethiopia,2005,260000
Ethiopia,2004,266000
Ethiopia,2003,271000
Ethiopia,2002,276000
Ethiopia,2001,279000
Ethiopia,2000,279000
Fiji,2018,480
Fiji,2017,450
Fiji,2016,390
Fiji,2015,450
Fiji,2014,470
Fiji,2013,320
Fiji,2012,260
Fiji,2011,270
Fiji,2010,240
Fiji,2009,180
Fiji,2008,130
Fiji,2007,120
Fiji,2006,140
Fiji,2005,170
Fiji,2004,170
Fiji,2003,230
Fiji,2002,190
Fiji,2001,230
Fiji,2000,180
Finland,2018,260
Finland,2017,270
Finland,2016,260
Finland,2015,310
Finland,2014,290
Finland,2013,310
Finland,2012,300
Finland,2011,360
Finland,2010,350
Finland,2009,460
Finland,2008,380
Finland,2007,340
Finland,2006,320
Finland,2005,390
Finland,2004,370
Finland,2003,450
Finland,2002,520
Finland,2001,530
Finland,2000,610
France,2018,5800
France,2017,5900
France,2016,5700
France,2015,5400
France,2014,5500
France,2013,5700
France,2012,5700
France,2011,5700
France,2010,5800
France,2009,6000
France,2008,6600
France,2007,6600
France,2006,6000
France,2005,6100
France,2004,6200
France,2003,7300
France,2002,6900
France,2001,7000
France,2000,7400
Gabon,2018,11000
Gabon,2017,11000
Gabon,2016,11000
Gabon,2015,10000
Gabon,2014,10000
Gabon,2013,9900
Gabon,2012,9600
Gabon,2011,9300
Gabon,2010,9100
Gabon,2009,8800
Gabon,2008,8600
Gabon,2007,8400
Gabon,2006,8200
Gabon,2005,8200
Gabon,2004,8100
Gabon,2003,7800
Gabon,2002,7400
Gabon,2001,6900
Gabon,2000,6300
Gambia,2018,4000
Gambia,2017,3900
Gambia,2016,3700
Gambia,2015,3600
Gambia,2014,3500
Gambia,2013,3400
Gambia,2012,3300
Gambia,2011,3300
Gambia,2010,3200
Gambia,2009,3100
Gambia,2008,3100
Gambia,2007,3000
Gambia,2006,3000
Gambia,2005,2900
Gambia,2004,2900
Gambia,2003,2800
Gambia,2002,2700
Gambia,2001,2600
Gambia,2000,2400
Georgia,2018,3200
Georgia,2017,3400
Georgia,2016,3700
Georgia,2015,4000
Georgia,2014,4300
Georgia,2013,4700
Georgia,2012,4800
Georgia,2011,5000
Georgia,2010,5200
Georgia,2009,5500
Georgia,2008,5800
Georgia,2007,6200
Georgia,2006,6800
Georgia,2005,7400
Georgia,2004,8100
Georgia,2003,8900
Georgia,2002,9700
Georgia,2001,10000
Georgia,2000,11000
Germany,2018,6100
Germany,2017,6200
Germany,2016,6600
Germany,2015,6500
Germany,2014,5000
Germany,2013,4800
Germany,2012,4600
Germany,2011,4700
Germany,2010,4700
Germany,2009,4800
Germany,2008,4800
Germany,2007,5400
Germany,2006,5900
Germany,2005,6600
Germany,2004,7100
Germany,2003,8100
Germany,2002,8000
Germany,2001,8000
Germany,2000,10000
Ghana,2018,44000
Ghana,2017,44000
Ghana,2016,44000
Ghana,2015,45000
Ghana,2014,45000
Ghana,2013,45000
Ghana,2012,45000
Ghana,2011,45000
Ghana,2010,45000
Ghana,2009,45000
Ghana,2008,45000
Ghana,2007,45000
Ghana,2006,45000
Ghana,2005,44000
Ghana,2004,44000
Ghana,2003,43000
Ghana,2002,43000
Ghana,2001,42000
Ghana,2000,42000
Greece,2018,470
Greece,2017,500
Greece,2016,470
Greece,2015,500
Greece,2014,560
Greece,2013,570
Greece,2012,600
Greece,2011,520
Greece,2010,510
Greece,2009,620
Greece,2008,670
Greece,2007,710
Greece,2006,710
Greece,2005,800
Greece,2004,840
Greece,2003,680
Greece,2002,660
Greece,2001,580
Greece,2000,810
Grenada,2018,2
Grenada,2017,3
Grenada,2016,7
Grenada,2015,6
Grenada,2014,0
Grenada,2013,1
Grenada,2012,1
Grenada,2011,2
Grenada,2010,5
Grenada,2009,6
Grenada,2008,6
Grenada,2007,3
Grenada,2006,1
Grenada,2005,2
Grenada,2004,2
Grenada,2003,2
Grenada,2002,1
Grenada,2001,1
Grenada,2000,0
Guatemala,2018,4500
Guatemala,2017,4300
Guatemala,2016,4000
Guatemala,2015,4200
Guatemala,2014,4000
Guatemala,2013,4100
Guatemala,2012,4300
Guatemala,2011,3800
Guatemala,2010,4200
Guatemala,2009,3600
Guatemala,2008,4100
Guatemala,2007,3900
Guatemala,2006,4500
Guatemala,2005,4800
Guatemala,2004,4100
Guatemala,2003,3300
Guatemala,2002,3600
Guatemala,2001,3000
Guatemala,2000,3600
Guinea,2018,22000
Guinea,2017,21000
Guinea,2016,21000
Guinea,2015,20000
Guinea,2014,20000
Guinea,2013,19000
Guinea,2012,19000
Guinea,2011,19000
Guinea,2010,19000
Guinea,2009,19000
Guinea,2008,19000
Guinea,2007,19000
Guinea,2006,19000
Guinea,2005,19000
Guinea,2004,19000
Guinea,2003,19000
Guinea,2002,19000
Guinea,2001,19000
Guinea,2000,19000
Guinea-Bissau,2018,6800
Guinea-Bissau,2017,6600
Guinea-Bissau,2016,6400
Guinea-Bissau,2015,6300
Guinea-Bissau,2014,6100
Guinea-Bissau,2013,6000
Guinea-Bissau,2012,5800
Guinea-Bissau,2011,5600
Guinea-Bissau,2010,5500
Guinea-Bissau,2009,5400
Guinea-Bissau,2008,5200
Guinea-Bissau,2007,5100
Guinea-Bissau,2006,5000
Guinea-Bissau,2005,4900
Guinea-Bissau,2004,4600
Guinea-Bissau,2003,4400
Guinea-Bissau,2002,4100
Guinea-Bissau,2001,3900
Guinea-Bissau,2000,3700
Guyana,2018,640
Guyana,2017,650
Guyana,2016,720
Guyana,2015,710
Guyana,2014,680
Guyana,2013,850
Guyana,2012,940
Guyana,2011,890
Guyana,2010,890
Guyana,2009,950
Guyana,2008,820
Guyana,2007,740
Guyana,2006,890
Guyana,2005,800
Guyana,2004,750
Guyana,2003,790
Guyana,2002,740
Guyana,2001,530
Guyana,2000,530
Haiti,2018,20000
Haiti,2017,20000
Haiti,2016,20000
Haiti,2015,21000
Haiti,2014,21000
Haiti,2013,21000
Haiti,2012,22000
Haiti,2011,22000
Haiti,2010,23000
Haiti,2009,23000
Haiti,2008,24000
Haiti,2007,24000
Haiti,2006,25000
Haiti,2005,25000
Haiti,2004,25000
Haiti,2003,25000
Haiti,2002,24000
Haiti,2001,24000
Haiti,2000,23000
Honduras,2018,3500
Honduras,2017,3500
Honduras,2016,3600
Honduras,2015,3600
Honduras,2014,3500
Honduras,2013,3700
Honduras,2012,3800
Honduras,2011,4000
Honduras,2010,3600
Honduras,2009,3700
Honduras,2008,3500
Honduras,2007,3500
Honduras,2006,4000
Honduras,2005,4200
Honduras,2004,4500
Honduras,2003,5100
Honduras,2002,5600
Honduras,2001,6300
Honduras,2000,8000
Hungary,2018,620
Hungary,2017,750
Hungary,2016,850
Hungary,2015,990
Hungary,2014,920
Hungary,2013,1200
Hungary,2012,1300
Hungary,2011,1500
Hungary,2010,1800
Hungary,2009,1500
Hungary,2008,1600
Hungary,2007,1800
Hungary,2006,1900
Hungary,2005,2100
Hungary,2004,2600
Hungary,2003,3100
Hungary,2002,3100
Hungary,2001,3400
Hungary,2000,3500
Iceland,2018,9
Iceland,2017,15
Iceland,2016,7
Iceland,2015,8
Iceland,2014,9
Iceland,2013,13
Iceland,2012,12
Iceland,2011,9
Iceland,2010,25
Iceland,2009,10
Iceland,2008,7
Iceland,2007,14
Iceland,2006,15
Iceland,2005,12
Iceland,2004,13
Iceland,2003,6
Iceland,2002,9
Iceland,2001,14
Iceland,2000,15
India,2018,2690000
India,2017,2740000
India,2016,2790000
India,2015,2840000
India,2014,2890000
India,2013,2920000
India,2012,2970000
India,2011,3010000
India,2010,3050000
India,2009,3100000
India,2008,3140000
India,2007,3170000
India,2006,3190000
India,2005,3200000
India,2004,3190000
India,2003,3170000
India,2002,3140000
India,2001,3100000
India,2000,3050000
Indonesia,2018,845000
Indonesia,2017,844000
Indonesia,2016,843000
Indonesia,2015,841000
Indonesia,2014,839000
Indonesia,2013,836000
Indonesia,2012,833000
Indonesia,2011,829000
Indonesia,2010,826000
Indonesia,2009,824000
Indonesia,2008,823000
Indonesia,2007,821000
Indonesia,2006,819000
Indonesia,2005,815000
Indonesia,2004,811000
Indonesia,2003,805000
Indonesia,2002,799000
Indonesia,2001,791000
Indonesia,2000,782000
Iran (Islamic Republic of),2018,11000
Iran (Islamic Republic of),2017,11000
Iran (Islamic Republic of),2016,12000
Iran (Islamic Republic of),2015,13000
Iran (Islamic Republic of),2014,13000
Iran (Islamic Republic of),2013,14000
Iran (Islamic Republic of),2012,14000
Iran (Islamic Republic of),2011,14000
Iran (Islamic Republic of),2010,13000
Iran (Islamic Republic of),2009,13000
Iran (Islamic Republic of),2008,12000
Iran (Islamic Republic of),2007,12000
Iran (Islamic Republic of),2006,12000
Iran (Islamic Republic of),2005,12000
Iran (Islamic Republic of),2004,13000
Iran (Islamic Republic of),2003,14000
Iran (Islamic Republic of),2002,14000
Iran (Islamic Republic of),2001,15000
Iran (Islamic Republic of),2000,15000
Iraq,2018,16000
Iraq,2017,16000
Iraq,2016,16000
Iraq,2015,15000
Iraq,2014,15000
Iraq,2013,15000
Iraq,2012,14000
Iraq,2011,14000
Iraq,2010,14000
Iraq,2009,13000
Iraq,2008,13000
Iraq,2007,13000
Iraq,2006,13000
Iraq,2005,13000
Iraq,2004,13000
Iraq,2003,13000
Iraq,2002,12000
Iraq,2001,12000
Iraq,2000,12000
Ireland,2018,340
Ireland,2017,350
Ireland,2016,340
Ireland,2015,340
Ireland,2014,340
Ireland,2013,410
Ireland,2012,390
Ireland,2011,450
Ireland,2010,450
Ireland,2009,490
Ireland,2008,490
Ireland,2007,500
Ireland,2006,510
Ireland,2005,490
Ireland,2004,470
Ireland,2003,470
Ireland,2002,430
Ireland,2001,450
Ireland,2000,440
Israel,2018,340
Israel,2017,270
Israel,2016,290
Israel,2015,320
Israel,2014,420
Israel,2013,350
Israel,2012,580
Israel,2011,470
Israel,2010,390
Israel,2009,400
Israel,2008,370
Israel,2007,460
Israel,2006,390
Israel,2005,430
Israel,2004,520
Israel,2003,540
Israel,2002,540
Israel,2001,590
Israel,2000,620
Italy,2018,4300
Italy,2017,4400
Italy,2016,4300
Italy,2015,4000
Italy,2014,4000
Italy,2013,3500
Italy,2012,3600
Italy,2011,3900
Italy,2010,5200
Italy,2009,4700
Italy,2008,4700
Italy,2007,3200
Italy,2006,4800
Italy,2005,4400
Italy,2004,4600
Italy,2003,5000
Italy,2002,4500
Italy,2001,4900
Italy,2000,4000
Jamaica,2018,86
Jamaica,2017,150
Jamaica,2016,130
Jamaica,2015,130
Jamaica,2014,110
Jamaica,2013,120
Jamaica,2012,110
Jamaica,2011,130
Jamaica,2010,160
Jamaica,2009,170
Jamaica,2008,130
Jamaica,2007,130
Jamaica,2006,120
Jamaica,2005,110
Jamaica,2004,140
Jamaica,2003,150
Jamaica,2002,130
Jamaica,2001,150
Jamaica,2000,160
Japan,2018,18000
Japan,2017,19000
Japan,2016,20000
Japan,2015,21000
Japan,2014,23000
Japan,2013,24000
Japan,2012,24000
Japan,2011,25000
Japan,2010,26000
Japan,2009,27000
Japan,2008,28000
Japan,2007,28000
Japan,2006,29000
Japan,2005,31000
Japan,2004,34000
Japan,2003,36000
Japan,2002,38000
Japan,2001,41000
Japan,2000,45000
Jordan,2018,500
Jordan,2017,660
Jordan,2016,520
Jordan,2015,530
Jordan,2014,480
Jordan,2013,440
Jordan,2012,410
Jordan,2011,410
Jordan,2010,420
Jordan,2009,460
Jordan,2008,440
Jordan,2007,420
Jordan,2006,470
Jordan,2005,460
Jordan,2004,410
Jordan,2003,400
Jordan,2002,390
Jordan,2001,430
Jordan,2000,380
Kazakhstan,2018,12000
Kazakhstan,2017,12000
Kazakhstan,2016,13000
Kazakhstan,2015,14000
Kazakhstan,2014,16000
Kazakhstan,2013,18000
Kazakhstan,2012,21000
Kazakhstan,2011,23000
Kazakhstan,2010,24000
Kazakhstan,2009,24000
Kazakhstan,2008,25000
Kazakhstan,2007,26000
Kazakhstan,2006,27000
Kazakhstan,2005,29000
Kazakhstan,2004,30000
Kazakhstan,2003,30000
Kazakhstan,2002,29000
Kazakhstan,2001,28000
Kazakhstan,2000,25000
Kenya,2018,150000
Kenya,2017,160000
Kenya,2016,171000
Kenya,2015,182000
Kenya,2014,197000
Kenya,2013,202000
Kenya,2012,209000
Kenya,2011,219000
Kenya,2010,223000
Kenya,2009,231000
Kenya,2008,225000
Kenya,2007,239000
Kenya,2006,243000
Kenya,2005,231000
Kenya,2004,226000
Kenya,2003,212000
Kenya,2002,180000
Kenya,2001,164000
Kenya,2000,144000
Kiribati,2018,400
Kiribati,2017,480
Kiribati,2016,650
Kiribati,2015,620
Kiribati,2014,520
Kiribati,2013,510
Kiribati,2012,430
Kiribati,2011,430
Kiribati,2010,360
Kiribati,2009,350
Kiribati,2008,420
Kiribati,2007,420
Kiribati,2006,470
Kiribati,2005,410
Kiribati,2004,390
Kiribati,2003,350
Kiribati,2002,250
Kiribati,2001,240
Kiribati,2000,310
Kuwait,2018,940
Kuwait,2017,1100
Kuwait,2016,960
Kuwait,2015,860
Kuwait,2014,840
Kuwait,2013,810
Kuwait,2012,850
Kuwait,2011,770
Kuwait,2010,1100
Kuwait,2009,1100
Kuwait,2008,1000
Kuwait,2007,740
Kuwait,2006,740
Kuwait,2005,590
Kuwait,2004,640
Kuwait,2003,650
Kuwait,2002,670
Kuwait,2001,570
Kuwait,2000,590
Kyrgyzstan,2018,7300
Kyrgyzstan,2017,7700
Kyrgyzstan,2016,8100
Kyrgyzstan,2015,8100
Kyrgyzstan,2014,7300
Kyrgyzstan,2013,8100
Kyrgyzstan,2012,7100
Kyrgyzstan,2011,6900
Kyrgyzstan,2010,6500
Kyrgyzstan,2009,6800
Kyrgyzstan,2008,7800
Kyrgyzstan,2007,7000
Kyrgyzstan,2006,7100
Kyrgyzstan,2005,7300
Kyrgyzstan,2004,7000
Kyrgyzstan,2003,7300
Kyrgyzstan,2002,7600
Kyrgyzstan,2001,7700
Kyrgyzstan,2000,7100
Lao People's Democratic Republic,2018,11000
Lao People's Democratic Republic,2017,12000
Lao People's Democratic Republic,2016,12000
Lao People's Democratic Republic,2015,12000
Lao People's Democratic Republic,2014,13000
Lao People's Democratic Republic,2013,13000
Lao People's Democratic Republic,2012,13000
Lao People's Democratic Republic,2011,13000
Lao People's Democratic Republic,2010,14000
Lao People's Democratic Republic,2009,14000
Lao People's Democratic Republic,2008,14000
Lao People's Democratic Republic,2007,15000
Lao People's Democratic Republic,2006,15000
Lao People's Democratic Republic,2005,16000
Lao People's Democratic Republic,2004,16000
Lao People's Democratic Republic,2003,16000
Lao People's Democratic Republic,2002,17000
Lao People's Democratic Republic,2001,17000
Lao People's Democratic Republic,2000,18000
Latvia,2018,560
Latvia,2017,620
Latvia,2016,740
Latvia,2015,800
Latvia,2014,850
Latvia,2013,1000
Latvia,2012,1100
Latvia,2011,990
Latvia,2010,1000
Latvia,2009,1100
Latvia,2008,1200
Latvia,2007,1400
Latvia,2006,1500
Latvia,2005,1600
Latvia,2004,1800
Latvia,2003,1900
Latvia,2002,2100
Latvia,2001,2300
Latvia,2000,2300
Lebanon,2018,750
Lebanon,2017,710
Lebanon,2016,740
Lebanon,2015,750
Lebanon,2014,770
Lebanon,2013,790
Lebanon,2012,720
Lebanon,2011,570
Lebanon,2010,590
Lebanon,2009,570
Lebanon,2008,600
Lebanon,2007,550
Lebanon,2006,430
Lebanon,2005,450
Lebanon,2004,450
Lebanon,2003,440
Lebanon,2002,500
Lebanon,2001,590
Lebanon,2000,660
Lesotho,2018,13000
Lesotho,2017,14000
Lesotho,2016,15000
Lesotho,2015,16000
Lesotho,2014,17000
Lesotho,2013,19000
Lesotho,2012,20000
Lesotho,2011,21000
Lesotho,2010,22000
Lesotho,2009,23000
Lesotho,2008,24000
Lesotho,2007,25000
Lesotho,2006,25000
Lesotho,2005,26000
Lesotho,2004,25000
Lesotho,2003,25000
Lesotho,2002,24000
Lesotho,2001,22000
Lesotho,2000,20000
Liberia,2018,15000
Liberia,2017,14000
Liberia,2016,14000
Liberia,2015,14000
Liberia,2014,13000
Liberia,2013,13000
Liberia,2012,13000
Liberia,2011,12000
Liberia,2010,11000
Liberia,2009,11000
Liberia,2008,10000
Liberia,2007,9600
Liberia,2006,9100
Liberia,2005,8600
Liberia,2004,8200
Liberia,2003,7900
Liberia,2002,7600
Liberia,2001,7200
Liberia,2000,6800
Libya,2018,2700
Libya,2017,2600
Libya,2016,2600
Libya,2015,2600
Libya,2014,2500
Libya,2013,2500
Libya,2012,2500
Libya,2011,2500
Libya,2010,2500
Libya,2009,2400
Libya,2008,2400
Libya,2007,2400
Libya,2006,2300
Libya,2005,2300
Libya,2004,2300
Libya,2003,2200
Libya,2002,2200
Libya,2001,2200
Libya,2000,2100
Lithuania,2018,1200
Lithuania,2017,1500
Lithuania,2016,1500
Lithuania,2015,1600
Lithuania,2014,1700
Lithuania,2013,1800
Lithuania,2012,1900
Lithuania,2011,2000
Lithuania,2010,2000
Lithuania,2009,2200
Lithuania,2008,2400
Lithuania,2007,2600
Lithuania,2006,2700
Lithuania,2005,2400
Lithuania,2004,2300
Lithuania,2003,3000
Lithuania,2002,2800
Lithuania,2001,3000
Lithuania,2000,3100
Luxembourg,2018,48
Luxembourg,2017,37
Luxembourg,2016,33
Luxembourg,2015,34
Luxembourg,2014,28
Luxembourg,2013,44
Luxembourg,2012,52
Luxembourg,2011,29
Luxembourg,2010,33
Luxembourg,2009,31
Luxembourg,2008,32
Luxembourg,2007,45
Luxembourg,2006,38
Luxembourg,2005,43
Luxembourg,2004,36
Luxembourg,2003,62
Luxembourg,2002,36
Luxembourg,2001,36
Luxembourg,2000,51
Madagascar,2018,61000
Madagascar,2017,60000
Madagascar,2016,58000
Madagascar,2015,56000
Madagascar,2014,55000
Madagascar,2013,54000
Madagascar,2012,53000
Madagascar,2011,52000
Madagascar,2010,51000
Madagascar,2009,50000
Madagascar,2008,50000
Madagascar,2007,49000
Madagascar,2006,49000
Madagascar,2005,48000
Madagascar,2004,48000
Madagascar,2003,47000
Madagascar,2002,47000
Madagascar,2001,47000
Madagascar,2000,46000
Malawi,2018,33000
Malawi,2017,33000
Malawi,2016,33000
Malawi,2015,34000
Malawi,2014,36000
Malawi,2013,37000
Malawi,2012,40000
Malawi,2011,42000
Malawi,2010,45000
Malawi,2009,47000
Malawi,2008,49000
Malawi,2007,50000
Malawi,2006,51000
Malawi,2005,50000
Malawi,2004,49000
Malawi,2003,48000
Malawi,2002,47000
Malawi,2001,45000
Malawi,2000,43000
Malaysia,2018,29000
Malaysia,2017,29000
Malaysia,2016,29000
Malaysia,2015,27000
Malaysia,2014,28000
Malaysia,2013,27000
Malaysia,2012,25000
Malaysia,2011,23000
Malaysia,2010,21000
Malaysia,2009,20000
Malaysia,2008,20000
Malaysia,2007,19000
Malaysia,2006,18000
Malaysia,2005,18000
Malaysia,2004,17000
Malaysia,2003,18000
Malaysia,2002,17000
Malaysia,2001,17000
Malaysia,2000,17000
Maldives,2018,170
Maldives,2017,170
Maldives,2016,210
Maldives,2015,190
Maldives,2014,160
Maldives,2013,140
Maldives,2012,140
Maldives,2011,110
Maldives,2010,120
Maldives,2009,130
Maldives,2008,150
Maldives,2007,160
Maldives,2006,120
Maldives,2005,150
Maldives,2004,150
Maldives,2003,170
Maldives,2002,160
Maldives,2001,170
Maldives,2000,170
Mali,2018,10000
Mali,2017,10000
Mali,2016,10000
Mali,2015,9900
Mali,2014,9700
Mali,2013,9800
Mali,2012,9700
Mali,2011,9600
Mali,2010,9400
Mali,2009,9300
Mali,2008,9200
Mali,2007,9100
Mali,2006,9000
Mali,2005,8900
Mali,2004,8800
Mali,2003,8700
Mali,2002,8600
Mali,2001,8500
Mali,2000,8400
Malta,2018,60
Malta,2017,48
Malta,2016,58
Malta,2015,37
Malta,2014,52
Malta,2013,58
Malta,2012,48
Malta,2011,34
Malta,2010,33
Malta,2009,48
Malta,2008,55
Malta,2007,44
Malta,2006,35
Malta,2005,25
Malta,2004,21
Malta,2003,8
Malta,2002,28
Malta,2001,18
Malta,2000,18
Marshall Islands,2018,250
Marshall Islands,2017,250
Marshall Islands,2016,220
Marshall Islands,2015,170
Marshall Islands,2014,180
Marshall Islands,2013,190
Marshall Islands,2012,180
Marshall Islands,2011,170
Marshall Islands,2010,240
Marshall Islands,2009,180
Marshall Islands,2008,160
Marshall Islands,2007,200
Marshall Islands,2006,170
Marshall Islands,2005,140
Marshall Islands,2004,150
Marshall Islands,2003,75
Marshall Islands,2002,64
Marshall Islands,2001,70
Marshall Islands,2000,43
Mauritania,2018,4100
Mauritania,2017,4200
Mauritania,2016,4200
Mauritania,2015,4300
Mauritania,2014,4400
Mauritania,2013,4400
Mauritania,2012,4500
Mauritania,2011,4600
Mauritania,2010,4700
Mauritania,2009,4900
Mauritania,2008,5000
Mauritania,2007,5100
Mauritania,2006,5300
Mauritania,2005,5500
Mauritania,2004,5700
Mauritania,2003,5900
Mauritania,2002,6100
Mauritania,2001,6300
Mauritania,2000,6600
Mauritius,2018,160
Mauritius,2017,150
Mauritius,2016,150
Mauritius,2015,160
Mauritius,2014,160
Mauritius,2013,160
Mauritius,2012,160
Mauritius,2011,140
Mauritius,2010,150
Mauritius,2009,140
Mauritius,2008,130
Mauritius,2007,130
Mauritius,2006,140
Mauritius,2005,160
Mauritius,2004,170
Mauritius,2003,170
Mauritius,2002,170
Mauritius,2001,150
Mauritius,2000,200
Mexico,2018,29000
Mexico,2017,28000
Mexico,2016,28000
Mexico,2015,27000
Mexico,2014,26000
Mexico,2013,26000
Mexico,2012,26000
Mexico,2011,25000
Mexico,2010,25000
Mexico,2009,24000
Mexico,2008,24000
Mexico,2007,23000
Mexico,2006,22000
Mexico,2005,23000
Mexico,2004,19000
Mexico,2003,24000
Mexico,2002,22000
Mexico,2001,24000
Mexico,2000,23000
Micronesia (Federated States of),2018,120
Micronesia (Federated States of),2017,170
Micronesia (Federated States of),2016,190
Micronesia (Federated States of),2015,130
Micronesia (Federated States of),2014,230
Micronesia (Federated States of),2013,190
Micronesia (Federated States of),2012,180
Micronesia (Federated States of),2011,190
Micronesia (Federated States of),2010,200
Micronesia (Federated States of),2009,190
Micronesia (Federated States of),2008,200
Micronesia (Federated States of),2007,170
Micronesia (Federated States of),2006,130
Micronesia (Federated States of),2005,120
Micronesia (Federated States of),2004,150
Micronesia (Federated States of),2003,130
Micronesia (Federated States of),2002,160
Micronesia (Federated States of),2001,130
Micronesia (Federated States of),2000,110
Monaco,2018,0
Monaco,2017,0
Monaco,2016,0
Monaco,2015,0
Monaco,2014,0
Monaco,2013,0
Monaco,2012,1
Monaco,2011,1
Monaco,2010,1
Monaco,2009,1
Monaco,2008,1
Monaco,2007,1
Monaco,2006,1
Monaco,2005,1
Monaco,2004,0
Monaco,2003,0
Monaco,2002,0
Monaco,2001,0
Monaco,2000,0
Mongolia,2018,14000
Mongolia,2017,13000
Mongolia,2016,13000
Mongolia,2015,13000
Mongolia,2014,13000
Mongolia,2013,12000
Mongolia,2012,12000
Mongolia,2011,12000
Mongolia,2010,12000
Mongolia,2009,11000
Mongolia,2008,11000
Mongolia,2007,11000
Mongolia,2006,11000
Mongolia,2005,11000
Mongolia,2004,11000
Mongolia,2003,11000
Mongolia,2002,10000
Mongolia,2001,10000
Mongolia,2000,10000
Montenegro,2018,97
Montenegro,2017,86
Montenegro,2016,100
Montenegro,2015,92
Montenegro,2014,130
Montenegro,2013,140
Montenegro,2012,110
Montenegro,2011,130
Montenegro,2010,130
Montenegro,2009,130
Montenegro,2008,150
Montenegro,2007,170
Montenegro,2006,190
Montenegro,2005,180
Morocco,2018,36000
Morocco,2017,36000
Morocco,2016,36000
Morocco,2015,35000
Morocco,2014,34000
Morocco,2013,33000
Morocco,2012,33000
Morocco,2011,33000
Morocco,2010,33000
Morocco,2009,31000
Morocco,2008,31000
Morocco,2007,29000
Morocco,2006,30000
Morocco,2005,30000
Morocco,2004,30000
Morocco,2003,31000
Morocco,2002,34000
Morocco,2001,33000
Morocco,2000,33000
Mozambique,2018,162000
Mozambique,2017,158000
Mozambique,2016,153000
Mozambique,2015,149000
Mozambique,2014,145000
Mozambique,2013,141000
Mozambique,2012,137000
Mozambique,2011,133000
Mozambique,2010,128000
Mozambique,2009,124000
Mozambique,2008,119000
Mozambique,2007,115000
Mozambique,2006,111000
Mozambique,2005,107000
Mozambique,2004,104000
Mozambique,2003,100000
Mozambique,2002,97000
Mozambique,2001,94000
Mozambique,2000,91000
Myanmar,2018,181000
Myanmar,2017,189000
Myanmar,2016,198000
Myanmar,2015,206000
Myanmar,2014,215000
Myanmar,2013,224000
Myanmar,2012,233000
Myanmar,2011,243000
Myanmar,2010,253000
Myanmar,2009,264000
Myanmar,2008,265000
Myanmar,2007,265000
Myanmar,2006,266000
Myanmar,2005,267000
Myanmar,2004,266000
Myanmar,2003,266000
Myanmar,2002,264000
Myanmar,2001,262000
Myanmar,2000,260000
Namibia,2018,13000
Namibia,2017,14000
Namibia,2016,14000
Namibia,2015,15000
Namibia,2014,15000
Namibia,2013,16000
Namibia,2012,17000
Namibia,2011,18000
Namibia,2010,19000
Namibia,2009,20000
Namibia,2008,22000
Namibia,2007,23000
Namibia,2006,24000
Namibia,2005,24000
Namibia,2004,24000
Namibia,2003,23000
Namibia,2002,22000
Namibia,2001,20000
Namibia,2000,18000
Nauru,2018,6
Nauru,2017,10
Nauru,2016,12
Nauru,2015,12
Nauru,2014,9
Nauru,2013,8
Nauru,2012,7
Nauru,2011,6
Nauru,2010,3
Nauru,2009,5
Nauru,2008,6
Nauru,2007,3
Nauru,2006,14
Nauru,2005,13
Nauru,2004,8
Nauru,2003,3
Nauru,2002,6
Nauru,2001,3
Nauru,2000,5
Nepal,2018,42000
Nepal,2017,42000
Nepal,2016,42000
Nepal,2015,42000
Nepal,2014,42000
Nepal,2013,43000
Nepal,2012,43000
Nepal,2011,44000
Nepal,2010,44000
Nepal,2009,44000
Nepal,2008,44000
Nepal,2007,43000
Nepal,2006,43000
Nepal,2005,42000
Nepal,2004,41000
Nepal,2003,41000
Nepal,2002,40000
Nepal,2001,40000
Nepal,2000,39000
Netherlands,2018,910
Netherlands,2017,890
Netherlands,2016,1000
Netherlands,2015,980
Netherlands,2014,940
Netherlands,2013,960
Netherlands,2012,1100
Netherlands,2011,1100
Netherlands,2010,1200
Netherlands,2009,1300
Netherlands,2008,1100
Netherlands,2007,1100
Netherlands,2006,1200
Netherlands,2005,1300
Netherlands,2004,1500
Netherlands,2003,1500
Netherlands,2002,1600
Netherlands,2001,1600
Netherlands,2000,1400
New Zealand,2018,350
New Zealand,2017,350
New Zealand,2016,340
New Zealand,2015,340
New Zealand,2014,340
New Zealand,2013,310
New Zealand,2012,340
New Zealand,2011,350
New Zealand,2010,350
New Zealand,2009,340
New Zealand,2008,340
New Zealand,2007,320
New Zealand,2006,400
New Zealand,2005,380
New Zealand,2004,430
New Zealand,2003,490
New Zealand,2002,380
New Zealand,2001,430
New Zealand,2000,400
Nicaragua,2018,2600
Nicaragua,2017,2800
Nicaragua,2016,2900
Nicaragua,2015,3100
Nicaragua,2014,3300
Nicaragua,2013,3400
Nicaragua,2012,3500
Nicaragua,2011,3400
Nicaragua,2010,3100
Nicaragua,2009,2900
Nicaragua,2008,2900
Nicaragua,2007,2900
Nicaragua,2006,2500
Nicaragua,2005,2400
Nicaragua,2004,2800
Nicaragua,2003,2900
Nicaragua,2002,2600
Nicaragua,2001,3100
Nicaragua,2000,3000
Niger,2018,19000
Niger,2017,19000
Niger,2016,19000
Niger,2015,19000
Niger,2014,19000
Niger,2013,19000
Niger,2012,19000
Niger,2011,19000
Niger,2010,19000
Niger,2009,19000
Niger,2008,19000
Niger,2007,19000
Niger,2006,19000
Niger,2005,19000
Niger,2004,20000
Niger,2003,20000
Niger,2002,21000
Niger,2001,21000
Niger,2000,22000
Nigeria,2018,429000
Nigeria,2017,418000
Nigeria,2016,407000
Nigeria,2015,397000
Nigeria,2014,386000
Nigeria,2013,376000
Nigeria,2012,366000
Nigeria,2011,357000
Nigeria,2010,347000
Nigeria,2009,338000
Nigeria,2008,329000
Nigeria,2007,321000
Nigeria,2006,312000
Nigeria,2005,304000
Nigeria,2004,296000
Nigeria,2003,289000
Nigeria,2002,282000
Nigeria,2001,275000
Nigeria,2000,268000
Niue,2018,1
Niue,2017,0
Niue,2016,0
Niue,2015,0
Niue,2014,0
Niue,2013,0
Niue,2012,0
Niue,2011,1
Niue,2010,0
Niue,2009,0
Niue,2008,0
Niue,2007,0
Niue,2006,0
Niue,2005,0
Niue,2004,0
Niue,2003,0
Niue,2002,5
Niue,2001,0
Niue,2000,0
Norway,2018,220
Norway,2017,270
Norway,2016,320
Norway,2015,330
Norway,2014,350
Norway,2013,420
Norway,2012,390
Norway,2011,370
Norway,2010,340
Norway,2009,380
Norway,2008,340
Norway,2007,330
Norway,2006,320
Norway,2005,320
Norway,2004,330
Norway,2003,380
Norway,2002,280
Norway,2001,320
Norway,2000,250
Oman,2018,280
Oman,2017,310
Oman,2016,400
Oman,2015,380
Oman,2014,410
Oman,2013,380
Oman,2012,440
Oman,2011,390
Oman,2010,350
Oman,2009,380
Oman,2008,400
Oman,2007,380
Oman,2006,390
Oman,2005,300
Oman,2004,340
Oman,2003,290
Oman,2002,330
Oman,2001,340
Oman,2000,370
Pakistan,2018,562000
Pakistan,2017,554000
Pakistan,2016,546000
Pakistan,2015,539000
Pakistan,2014,527000
Pakistan,2013,526000
Pakistan,2012,516000
Pakistan,2011,505000
Pakistan,2010,495000
Pakistan,2009,484000
Pakistan,2008,473000
Pakistan,2007,462000
Pakistan,2006,452000
Pakistan,2005,442000
Pakistan,2004,432000
Pakistan,2003,422000
Pakistan,2002,412000
Pakistan,2001,402000
Pakistan,2000,392000
Palau,2018,20
Palau,2017,23
Palau,2016,26
Palau,2015,16
Palau,2014,16
Palau,2013,9
Palau,2012,5
Palau,2011,14
Palau,2010,22
Palau,2009,22
Palau,2008,17
Palau,2007,13
Palau,2006,14
Palau,2005,12
Palau,2004,6
Palau,2003,10
Palau,2002,13
Palau,2001,12
Palau,2000,12
Panama,2018,2200
Panama,2017,2300
Panama,2016,2300
Panama,2015,2100
Panama,2014,1800
Panama,2013,1800
Panama,2012,1900
Panama,2011,2000
Panama,2010,1900
Panama,2009,1900
Panama,2008,2000
Panama,2007,2000
Panama,2006,2000
Panama,2005,2000
Panama,2004,2100
Panama,2003,2000
Panama,2002,2000
Panama,2001,2100
Panama,2000,1500
Papua New Guinea,2018,37000
Papua New Guinea,2017,36000
Papua New Guinea,2016,36000
Papua New Guinea,2015,35000
Papua New Guinea,2014,34000
Papua New Guinea,2013,34000
Papua New Guinea,2012,33000
Papua New Guinea,2011,32000
Papua New Guinea,2010,32000
Papua New Guinea,2009,31000
Papua New Guinea,2008,30000
Papua New Guinea,2007,29000
Papua New Guinea,2006,29000
Papua New Guinea,2005,28000
Papua New Guinea,2004,27000
Papua New Guinea,2003,27000
Papua New Guinea,2002,26000
Papua New Guinea,2001,26000
Papua New Guinea,2000,25000
Paraguay,2018,3000
Paraguay,2017,3000
Paraguay,2016,2800
Paraguay,2015,2700
Paraguay,2014,2600
Paraguay,2013,2600
Paraguay,2012,2800
Paraguay,2011,2700
Paraguay,2010,2600
Paraguay,2009,2700
Paraguay,2008,2600
Paraguay,2007,2600
Paraguay,2006,2800
Paraguay,2005,2500
Paraguay,2004,2700
Paraguay,2003,2600
Paraguay,2002,2400
Paraguay,2001,2400
Paraguay,2000,2200
Peru,2018,39000
Peru,2017,37000
Peru,2016,37000
Peru,2015,37000
Peru,2014,38000
Peru,2013,37000
Peru,2012,37000
Peru,2011,39000
Peru,2010,39000
Peru,2009,40000
Peru,2008,40000
Peru,2007,41000
Peru,2006,43000
Peru,2005,42000
Peru,2004,42000
Peru,2003,40000
Peru,2002,45000
Peru,2001,46000
Peru,2000,48000
Philippines,2018,591000
Philippines,2017,583000
Philippines,2016,574000
Philippines,2015,562000
Philippines,2014,549000
Philippines,2013,537000
Philippines,2012,524000
Philippines,2011,511000
Philippines,2010,499000
Philippines,2009,488000
Philippines,2008,476000
Philippines,2007,465000
Philippines,2006,466000
Philippines,2005,466000
Philippines,2004,465000
Philippines,2003,464000
Philippines,2002,463000
Philippines,2001,462000
Philippines,2000,460000
Poland,2018,6000
Poland,2017,6400
Poland,2016,7100
Poland,2015,7200
Poland,2014,7500
Poland,2013,8100
Poland,2012,8100
Poland,2011,9100
Poland,2010,8100
Poland,2009,8800
Poland,2008,8500
Poland,2007,9200
Poland,2006,9200
Poland,2005,9400
Poland,2004,10000
Poland,2003,12000
Poland,2002,12000
Poland,2001,12000
Poland,2000,13000
Portugal,2018,2400
Portugal,2017,2000
Portugal,2016,2100
Portugal,2015,2400
Portugal,2014,2500
Portugal,2013,2700
Portugal,2012,2900
Portugal,2011,2900
Portugal,2010,3000
Portugal,2009,3100
Portugal,2008,3200
Portugal,2007,3400
Portugal,2006,3700
Portugal,2005,3800
Portugal,2004,4200
Portugal,2003,4600
Portugal,2002,5000
Portugal,2001,5000
Portugal,2000,4900
Qatar,2018,860
Qatar,2017,690
Qatar,2016,580
Qatar,2015,610
Qatar,2014,530
Qatar,2013,690
Qatar,2012,840
Qatar,2011,640
Qatar,2010,670
Qatar,2009,710
Qatar,2008,650
Qatar,2007,460
Qatar,2006,390
Qatar,2005,370
Qatar,2004,310
Qatar,2003,320
Qatar,2002,320
Qatar,2001,330
Qatar,2000,320
Republic of Korea,2018,34000
Republic of Korea,2017,36000
Republic of Korea,2016,39000
Republic of Korea,2015,40000
Republic of Korea,2014,43000
Republic of Korea,2013,44000
Republic of Korea,2012,47000
Republic of Korea,2011,49000
Republic of Korea,2010,47000
Republic of Korea,2009,46000
Republic of Korea,2008,43000
Republic of Korea,2007,45000
Republic of Korea,2006,45000
Republic of Korea,2005,46000
Republic of Korea,2004,37000
Republic of Korea,2003,39000
Republic of Korea,2002,37000
Republic of Korea,2001,40000
Republic of Korea,2000,23000
Republic of Moldova,2018,3500
Republic of Moldova,2017,3900
Republic of Moldova,2016,4100
Republic of Moldova,2015,4100
Republic of Moldova,2014,4700
Republic of Moldova,2013,5200
Republic of Moldova,2012,5100
Republic of Moldova,2011,4900
Republic of Moldova,2010,4800
Republic of Moldova,2009,5100
Republic of Moldova,2008,5100
Republic of Moldova,2007,5600
Republic of Moldova,2006,5700
Republic of Moldova,2005,5900
Republic of Moldova,2004,5500
Republic of Moldova,2003,4900
Republic of Moldova,2002,4300
Republic of Moldova,2001,4100
Republic of Moldova,2000,3400
Romania,2018,13000
Romania,2017,14000
Romania,2016,15000
Romania,2015,16000
Romania,2014,17000
Romania,2013,18000
Romania,2012,19000
Romania,2011,20000
Romania,2010,21000
Romania,2009,24000
Romania,2008,25000
Romania,2007,26000
Romania,2006,28000
Romania,2005,30000
Romania,2004,33000
Romania,2003,34000
Romania,2002,34000
Romania,2001,33000
Romania,2000,32000
Russian Federation,2018,79000
Russian Federation,2017,85000
Russian Federation,2016,91000
Russian Federation,2015,97000
Russian Federation,2014,101000
Russian Federation,2013,105000
Russian Federation,2012,109000
Russian Federation,2011,116000
Russian Federation,2010,123000
Russian Federation,2009,128000
Russian Federation,2008,129000
Russian Federation,2007,128000
Russian Federation,2006,126000
Russian Federation,2005,125000
Russian Federation,2004,125000
Russian Federation,2003,127000
Russian Federation,2002,130000
Russian Federation,2001,134000
Russian Federation,2000,139000
Rwanda,2018,7300
Rwanda,2017,7000
Rwanda,2016,7200
Rwanda,2015,6900
Rwanda,2014,7200
Rwanda,2013,7100
Rwanda,2012,7600
Rwanda,2011,8300
Rwanda,2010,8400
Rwanda,2009,9300
Rwanda,2008,9600
Rwanda,2007,9800
Rwanda,2006,10000
Rwanda,2005,9000
Rwanda,2004,8100
Rwanda,2003,8500
Rwanda,2002,7500
Rwanda,2001,6800
Rwanda,2000,7600
Saint Kitts and Nevis,2018,0
Saint Kitts and Nevis,2017,1
Saint Kitts and Nevis,2016,0
Saint Kitts and Nevis,2015,2
Saint Kitts and Nevis,2014,8
Saint Kitts and Nevis,2013,0
Saint Kitts and Nevis,2012,2
Saint Kitts and Nevis,2011,1
Saint Kitts and Nevis,2010,2
Saint Kitts and Nevis,2009,5
Saint Kitts and Nevis,2008,6
Saint Kitts and Nevis,2007,5
Saint Kitts and Nevis,2006,1
Saint Kitts and Nevis,2005,0
Saint Kitts and Nevis,2004,2
Saint Kitts and Nevis,2003,1
Saint Kitts and Nevis,2002,3
Saint Kitts and Nevis,2001,2
Saint Kitts and Nevis,2000,0
Saint Lucia,2018,6
Saint Lucia,2017,13
Saint Lucia,2016,3
Saint Lucia,2015,16
Saint Lucia,2014,7
Saint Lucia,2013,10
Saint Lucia,2012,13
Saint Lucia,2011,8
Saint Lucia,2010,10
Saint Lucia,2009,12
Saint Lucia,2008,24
Saint Lucia,2007,22
Saint Lucia,2006,17
Saint Lucia,2005,16
Saint Lucia,2004,17
Saint Lucia,2003,17
Saint Lucia,2002,20
Saint Lucia,2001,17
Saint Lucia,2000,10
Saint Vincent and the Grenadines,2018,7
Saint Vincent and the Grenadines,2017,2
Saint Vincent and the Grenadines,2016,7
Saint Vincent and the Grenadines,2015,8
Saint Vincent and the Grenadines,2014,6
Saint Vincent and the Grenadines,2013,3
Saint Vincent and the Grenadines,2012,34
Saint Vincent and the Grenadines,2011,20
Saint Vincent and the Grenadines,2010,17
Saint Vincent and the Grenadines,2009,10
Saint Vincent and the Grenadines,2008,14
Saint Vincent and the Grenadines,2007,14
Saint Vincent and the Grenadines,2006,15
Saint Vincent and the Grenadines,2005,8
Saint Vincent and the Grenadines,2004,9
Saint Vincent and the Grenadines,2003,16
Saint Vincent and the Grenadines,2002,12
Saint Vincent and the Grenadines,2001,12
Saint Vincent and the Grenadines,2000,18
Samoa,2018,13
Samoa,2017,35
Samoa,2016,15
Samoa,2015,22
Samoa,2014,26
Samoa,2013,25
Samoa,2012,25
Samoa,2011,23
Samoa,2010,16
Samoa,2009,18
Samoa,2008,14
Samoa,2007,24
Samoa,2006,29
Samoa,2005,28
Samoa,2004,39
Samoa,2003,31
Samoa,2002,36
Samoa,2001,25
Samoa,2000,49
San Marino,2018,0
San Marino,2017,0
San Marino,2016,0
San Marino,2015,0
San Marino,2014,0
San Marino,2013,0
San Marino,2012,0
San Marino,2011,0
San Marino,2010,0
San Marino,2009,0
San Marino,2008,0
San Marino,2007,0
San Marino,2006,0
San Marino,2005,0
San Marino,2004,0
San Marino,2003,1
San Marino,2002,1
San Marino,2001,0
San Marino,2000,1
Sao Tome and Principe,2018,260
Sao Tome and Principe,2017,240
Sao Tome and Principe,2016,330
Sao Tome and Principe,2015,310
Sao Tome and Principe,2014,280
Sao Tome and Principe,2013,260
Sao Tome and Principe,2012,200
Sao Tome and Principe,2011,240
Sao Tome and Principe,2010,210
Sao Tome and Principe,2009,140
Sao Tome and Principe,2008,120
Sao Tome and Principe,2007,160
Sao Tome and Principe,2006,270
Sao Tome and Principe,2005,240
Sao Tome and Principe,2004,210
Sao Tome and Principe,2003,190
Sao Tome and Principe,2002,160
Sao Tome and Principe,2001,170
Sao Tome and Principe,2000,170
Saudi Arabia,2018,3400
Saudi Arabia,2017,3300
Saudi Arabia,2016,3300
Saudi Arabia,2015,3800
Saudi Arabia,2014,3700
Saudi Arabia,2013,4000
Saudi Arabia,2012,4200
Saudi Arabia,2011,4500
Saudi Arabia,2010,5100
Saudi Arabia,2009,4600
Saudi Arabia,2008,4600
Saudi Arabia,2007,4500
Saudi Arabia,2006,4300
Saudi Arabia,2005,4100
Saudi Arabia,2004,3800
Saudi Arabia,2003,3800
Saudi Arabia,2002,3900
Saudi Arabia,2001,3800
Saudi Arabia,2000,4000
Senegal,2018,19000
Senegal,2017,18000
Senegal,2016,18000
Senegal,2015,18000
Senegal,2014,18000
Senegal,2013,17000
Senegal,2012,17000
Senegal,2011,17000
Senegal,2010,17000
Senegal,2009,17000
Senegal,2008,16000
Senegal,2007,16000
Senegal,2006,16000
Senegal,2005,16000
Senegal,2004,16000
Senegal,2003,15000
Senegal,2002,15000
Senegal,2001,15000
Senegal,2000,15000
Serbia,2018,1500
Serbia,2017,1700
Serbia,2016,1700
Serbia,2015,1900
Serbia,2014,2100
Serbia,2013,2400
Serbia,2012,2200
Serbia,2011,2500
Serbia,2010,2700
Serbia,2009,2900
Serbia,2008,3100
Serbia,2007,3300
Serbia,2006,3600
Serbia,2005,3700
Seychelles,2018,17
Seychelles,2017,18
Seychelles,2016,14
Seychelles,2015,9
Seychelles,2014,15
Seychelles,2013,28
Seychelles,2012,23
Seychelles,2011,24
Seychelles,2010,20
Seychelles,2009,17
Seychelles,2008,7
Seychelles,2007,20
Seychelles,2006,21
Seychelles,2005,16
Seychelles,2004,21
Seychelles,2003,12
Seychelles,2002,33
Seychelles,2001,22
Seychelles,2000,23
Sierra Leone,2018,23000
Sierra Leone,2017,23000
Sierra Leone,2016,22000
Sierra Leone,2015,22000
Sierra Leone,2014,22000
Sierra Leone,2013,21000
Sierra Leone,2012,21000
Sierra Leone,2011,21000
Sierra Leone,2010,20000
Sierra Leone,2009,20000
Sierra Leone,2008,20000
Sierra Leone,2007,19000
Sierra Leone,2006,18000
Sierra Leone,2005,18000
Sierra Leone,2004,17000
Sierra Leone,2003,16000
Sierra Leone,2002,15000
Sierra Leone,2001,15000
Sierra Leone,2000,14000
Singapore,2018,2700
Singapore,2017,2700
Singapore,2016,2800
Singapore,2015,2500
Singapore,2014,2500
Singapore,2013,2500
Singapore,2012,2600
Singapore,2011,1900
Singapore,2010,1800
Singapore,2009,1800
Singapore,2008,1800
Singapore,2007,1600
Singapore,2006,1500
Singapore,2005,1600
Singapore,2004,1600
Singapore,2003,1800
Singapore,2002,1700
Singapore,2001,1800
Singapore,2000,2000
Slovakia,2018,310
Slovakia,2017,260
Slovakia,2016,320
Slovakia,2015,350
Slovakia,2014,370
Slovakia,2013,460
Slovakia,2012,370
Slovakia,2011,430
Slovakia,2010,470
Slovakia,2009,520
Slovakia,2008,670
Slovakia,2007,720
Slovakia,2006,770
Slovakia,2005,820
Slovakia,2004,760
Slovakia,2003,1100
Slovakia,2002,1100
Slovakia,2001,1100
Slovakia,2000,1200
Slovenia,2018,110
Slovenia,2017,130
Slovenia,2016,140
Slovenia,2015,150
Slovenia,2014,160
Slovenia,2013,160
Slovenia,2012,150
Slovenia,2011,210
Slovenia,2010,190
Slovenia,2009,210
Slovenia,2008,240
Slovenia,2007,250
Slovenia,2006,240
Slovenia,2005,310
Slovenia,2004,290
Slovenia,2003,330
Slovenia,2002,390
Slovenia,2001,410
Slovenia,2000,420
Solomon Islands,2018,480
Solomon Islands,2017,470
Solomon Islands,2016,500
Solomon Islands,2015,520
Solomon Islands,2014,430
Solomon Islands,2013,450
Solomon Islands,2012,450
Solomon Islands,2011,500
Solomon Islands,2010,420
Solomon Islands,2009,460
Solomon Islands,2008,480
Solomon Islands,2007,500
Solomon Islands,2006,460
Solomon Islands,2005,500
Solomon Islands,2004,430
Solomon Islands,2003,370
Solomon Islands,2002,320
Solomon Islands,2001,370
Solomon Islands,2000,380
Somalia,2018,39000
Somalia,2017,39000
Somalia,2016,38000
Somalia,2015,38000
Somalia,2014,37000
Somalia,2013,37000
Somalia,2012,36000
Somalia,2011,35000
Somalia,2010,34000
Somalia,2009,33000
Somalia,2008,33000
Somalia,2007,32000
Somalia,2006,31000
Somalia,2005,30000
Somalia,2004,29000
Somalia,2003,28000
Somalia,2002,27000
Somalia,2001,26000
Somalia,2000,25000
South Africa,2018,301000
South Africa,2017,323000
South Africa,2016,347000
South Africa,2015,420000
South Africa,2014,447000
South Africa,2013,456000
South Africa,2012,471000
South Africa,2011,479000
South Africa,2010,485000
South Africa,2009,488000
South Africa,2008,486000
South Africa,2007,480000
South Africa,2006,467000
South Africa,2005,446000
South Africa,2004,418000
South Africa,2003,383000
South Africa,2002,344000
South Africa,2001,303000
South Africa,2000,263000
South Sudan,2018,16000
South Sudan,2017,16000
South Sudan,2016,16000
South Sudan,2015,16000
South Sudan,2014,15000
South Sudan,2013,15000
South Sudan,2012,15000
South Sudan,2011,14000
Spain,2018,4400
Spain,2017,5000
Spain,2016,5400
Spain,2015,4600
Spain,2014,5500
Spain,2013,6000
Spain,2012,6500
Spain,2011,7400
Spain,2010,7900
Spain,2009,8300
Spain,2008,8900
Spain,2007,8400
Spain,2006,9000
Spain,2005,8400
Spain,2004,6900
Spain,2003,11000
Spain,2002,8400
Spain,2001,7900
Spain,2000,9200
Sri Lanka,2018,14000
Sri Lanka,2017,14000
Sri Lanka,2016,14000
Sri Lanka,2015,14000
Sri Lanka,2014,14000
Sri Lanka,2013,14000
Sri Lanka,2012,14000
Sri Lanka,2011,14000
Sri Lanka,2010,13000
Sri Lanka,2009,13000
Sri Lanka,2008,13000
Sri Lanka,2007,13000
Sri Lanka,2006,13000
Sri Lanka,2005,13000
Sri Lanka,2004,13000
Sri Lanka,2003,13000
Sri Lanka,2002,13000
Sri Lanka,2001,13000
Sri Lanka,2000,12000
Sudan,2018,30000
Sudan,2017,31000
Sudan,2016,33000
Sudan,2015,34000
Sudan,2014,36000
Sudan,2013,37000
Sudan,2012,37000
Sudan,2011,37000
Suriname,2018,220
Suriname,2017,160
Suriname,2016,140
Suriname,2015,180
Suriname,2014,180
Suriname,2013,180
Suriname,2012,160
Suriname,2011,160
Suriname,2010,240
Suriname,2009,220
Suriname,2008,140
Suriname,2007,160
Suriname,2006,160
Suriname,2005,150
Suriname,2004,120
Suriname,2003,130
Suriname,2002,120
Suriname,2001,94
Suriname,2000,110
Sweden,2018,550
Sweden,2017,560
Sweden,2016,810
Sweden,2015,900
Sweden,2014,730
Sweden,2013,700
Sweden,2012,680
Sweden,2011,620
Sweden,2010,710
Sweden,2009,660
Sweden,2008,590
Sweden,2007,530
Sweden,2006,560
Sweden,2005,620
Sweden,2004,490
Sweden,2003,460
Sweden,2002,430
Sweden,2001,450
Sweden,2000,480
Switzerland,2018,540
Switzerland,2017,610
Switzerland,2016,660
Switzerland,2015,610
Switzerland,2014,490
Switzerland,2013,540
Switzerland,2012,480
Switzerland,2011,600
Switzerland,2010,580
Switzerland,2009,580
Switzerland,2008,530
Switzerland,2007,480
Switzerland,2006,540
Switzerland,2005,590
Switzerland,2004,630
Switzerland,2003,660
Switzerland,2002,680
Switzerland,2001,630
Switzerland,2000,660
Syrian Arab Republic,2018,3300
Syrian Arab Republic,2017,3400
Syrian Arab Republic,2016,3800
Syrian Arab Republic,2015,3600
Syrian Arab Republic,2014,4400
Syrian Arab Republic,2013,3400
Syrian Arab Republic,2012,3800
Syrian Arab Republic,2011,4500
Syrian Arab Republic,2010,4600
Syrian Arab Republic,2009,5100
Syrian Arab Republic,2008,4700
Syrian Arab Republic,2007,5300
Syrian Arab Republic,2006,4900
Syrian Arab Republic,2005,5400
Syrian Arab Republic,2004,5700
Syrian Arab Republic,2003,6000
Syrian Arab Republic,2002,6000
Syrian Arab Republic,2001,6200
Syrian Arab Republic,2000,6400
Tajikistan,2018,7600
Tajikistan,2017,7500
Tajikistan,2016,7400
Tajikistan,2015,7300
Tajikistan,2014,7500
Tajikistan,2013,8000
Tajikistan,2012,8500
Tajikistan,2011,9000
Tajikistan,2010,9600
Tajikistan,2009,10000
Tajikistan,2008,11000
Tajikistan,2007,12000
Tajikistan,2006,13000
Tajikistan,2005,13000
Tajikistan,2004,14000
Tajikistan,2003,14000
Tajikistan,2002,14000
Tajikistan,2001,14000
Tajikistan,2000,14000
Thailand,2018,106000
Thailand,2017,108000
Thailand,2016,110000
Thailand,2015,112000
Thailand,2014,114000
Thailand,2013,116000
Thailand,2012,117000
Thailand,2011,119000
Thailand,2010,122000
Thailand,2009,126000
Thailand,2008,131000
Thailand,2007,136000
Thailand,2006,141000
Thailand,2005,146000
Thailand,2004,151000
Thailand,2003,155000
Thailand,2002,156000
Thailand,2001,156000
Thailand,2000,152000
Republic of North Macedonia,2018,270
Republic of North Macedonia,2017,270
Republic of North Macedonia,2016,330
Republic of North Macedonia,2015,350
Republic of North Macedonia,2014,350
Republic of North Macedonia,2013,400
Republic of North Macedonia,2012,430
Republic of North Macedonia,2011,420
Republic of North Macedonia,2010,480
Republic of North Macedonia,2009,560
Republic of North Macedonia,2008,560
Republic of North Macedonia,2007,660
Republic of North Macedonia,2006,700
Republic of North Macedonia,2005,750
Republic of North Macedonia,2004,810
Republic of North Macedonia,2003,870
Republic of North Macedonia,2002,860
Republic of North Macedonia,2001,810
Republic of North Macedonia,2000,800
Timor-Leste,2018,6300
Timor-Leste,2017,6200
Timor-Leste,2016,6100
Timor-Leste,2015,6000
Timor-Leste,2014,5900
Timor-Leste,2013,5700
Timor-Leste,2012,5600
Timor-Leste,2011,5500
Timor-Leste,2010,5400
Timor-Leste,2009,5400
Timor-Leste,2008,5300
Timor-Leste,2007,5200
Timor-Leste,2006,5100
Timor-Leste,2005,5000
Timor-Leste,2004,4800
Timor-Leste,2003,4700
Timor-Leste,2002,4600
Togo,2018,2800
Togo,2017,3100
Togo,2016,3500
Togo,2015,3800
Togo,2014,4200
Togo,2013,4500
Togo,2012,4700
Togo,2011,4800
Togo,2010,4900
Togo,2009,4800
Togo,2008,4700
Togo,2007,4500
Togo,2006,4300
Togo,2005,4000
Togo,2004,3600
Togo,2003,3200
Togo,2002,2900
Togo,2001,2700
Togo,2000,2500
Tonga,2018,10
Tonga,2017,13
Tonga,2016,9
Tonga,2015,16
Tonga,2014,15
Tonga,2013,12
Tonga,2012,13
Tonga,2011,10
Tonga,2010,13
Tonga,2009,9
Tonga,2008,15
Tonga,2007,26
Tonga,2006,21
Tonga,2005,21
Tonga,2004,14
Tonga,2003,18
Tonga,2002,33
Tonga,2001,14
Tonga,2000,28
Trinidad and Tobago,2018,290
Trinidad and Tobago,2017,230
Trinidad and Tobago,2016,250
Trinidad and Tobago,2015,230
Trinidad and Tobago,2014,290
Trinidad and Tobago,2013,290
Trinidad and Tobago,2012,320
Trinidad and Tobago,2011,260
Trinidad and Tobago,2010,250
Trinidad and Tobago,2009,310
Trinidad and Tobago,2008,320
Trinidad and Tobago,2007,250
Trinidad and Tobago,2006,270
Trinidad and Tobago,2005,190
Trinidad and Tobago,2004,200
Trinidad and Tobago,2003,170
Trinidad and Tobago,2002,150
Trinidad and Tobago,2001,240
Trinidad and Tobago,2000,230
Tunisia,2018,4000
Tunisia,2017,3900
Tunisia,2016,4300
Tunisia,2015,4300
Tunisia,2014,3900
Tunisia,2013,3800
Tunisia,2012,4000
Tunisia,2011,3800
Tunisia,2010,3000
Tunisia,2009,2700
Tunisia,2008,2800
Tunisia,2007,2900
Tunisia,2006,2700
Tunisia,2005,2600
Tunisia,2004,2500
Tunisia,2003,2500
Tunisia,2002,2400
Tunisia,2001,2400
Tunisia,2000,2500
Turkey,2018,13000
Turkey,2017,14000
Turkey,2016,14000
Turkey,2015,14000
Turkey,2014,15000
Turkey,2013,15000
Turkey,2012,16000
Turkey,2011,17000
Turkey,2010,18000
Turkey,2009,19000
Turkey,2008,20000
Turkey,2007,22000
Turkey,2006,23000
Turkey,2005,23000
Turkey,2004,20000
Turkey,2003,21000
Turkey,2002,21000
Turkey,2001,20000
Turkey,2000,21000
Turkmenistan,2018,2700
Turkmenistan,2017,2500
Turkmenistan,2016,2600
Turkmenistan,2015,2700
Turkmenistan,2014,3200
Turkmenistan,2013,3800
Turkmenistan,2012,3700
Turkmenistan,2011,3400
Turkmenistan,2010,4000
Turkmenistan,2009,3900
Turkmenistan,2008,4700
Turkmenistan,2007,4300
Turkmenistan,2006,4000
Turkmenistan,2005,4000
Turkmenistan,2004,4200
Turkmenistan,2003,5400
Turkmenistan,2002,4600
Turkmenistan,2001,4900
Turkmenistan,2000,5000
Tuvalu,2018,31
Tuvalu,2017,26
Tuvalu,2016,23
Tuvalu,2015,23
Tuvalu,2014,17
Tuvalu,2013,21
Tuvalu,2012,22
Tuvalu,2011,14
Tuvalu,2010,16
Tuvalu,2009,21
Tuvalu,2008,20
Tuvalu,2007,21
Tuvalu,2006,10
Tuvalu,2005,14
Tuvalu,2004,19
Tuvalu,2003,36
Tuvalu,2002,15
Tuvalu,2001,18
Tuvalu,2000,18
Uganda,2018,86000
Uganda,2017,83000
Uganda,2016,80000
Uganda,2015,77000
Uganda,2014,75000
Uganda,2013,73000
Uganda,2012,71000
Uganda,2011,69000
Uganda,2010,68000
Uganda,2009,67000
Uganda,2008,66000
Uganda,2007,65000
Uganda,2006,65000
Uganda,2005,65000
Uganda,2004,64000
Uganda,2003,64000
Uganda,2002,64000
Uganda,2001,65000
Uganda,2000,65000
Ukraine,2018,36000
Ukraine,2017,37000
Ukraine,2016,39000
Ukraine,2015,41000
Ukraine,2014,43000
Ukraine,2013,44000
Ukraine,2012,46000
Ukraine,2011,48000
Ukraine,2010,50000
Ukraine,2009,53000
Ukraine,2008,55000
Ukraine,2007,57000
Ukraine,2006,58000
Ukraine,2005,60000
Ukraine,2004,60000
Ukraine,2003,60000
Ukraine,2002,59000
Ukraine,2001,58000
Ukraine,2000,56000
United Arab Emirates,2018,99
United Arab Emirates,2017,76
United Arab Emirates,2016,74
United Arab Emirates,2015,72
United Arab Emirates,2014,69
United Arab Emirates,2013,94
United Arab Emirates,2012,91
United Arab Emirates,2011,120
United Arab Emirates,2010,150
United Arab Emirates,2009,130
United Arab Emirates,2008,110
United Arab Emirates,2007,110
United Arab Emirates,2006,100
United Arab Emirates,2005,120
United Arab Emirates,2004,110
United Arab Emirates,2003,130
United Arab Emirates,2002,100
United Arab Emirates,2001,85
United Arab Emirates,2000,130
United Kingdom of Great Britain and Northern Ireland,2018,5400
United Kingdom of Great Britain and Northern Ireland,2017,5900
United Kingdom of Great Britain and Northern Ireland,2016,6500
United Kingdom of Great Britain and Northern Ireland,2015,6600
United Kingdom of Great Britain and Northern Ireland,2014,7400
United Kingdom of Great Britain and Northern Ireland,2013,8300
United Kingdom of Great Britain and Northern Ireland,2012,9300
United Kingdom of Great Britain and Northern Ireland,2011,9500
United Kingdom of Great Britain and Northern Ireland,2010,8800
United Kingdom of Great Britain and Northern Ireland,2009,9100
United Kingdom of Great Britain and Northern Ireland,2008,9300
United Kingdom of Great Britain and Northern Ireland,2007,9000
United Kingdom of Great Britain and Northern Ireland,2006,9300
United Kingdom of Great Britain and Northern Ireland,2005,9200
United Kingdom of Great Britain and Northern Ireland,2004,7900
United Kingdom of Great Britain and Northern Ireland,2003,8000
United Kingdom of Great Britain and Northern Ireland,2002,7800
United Kingdom of Great Britain and Northern Ireland,2001,6800
United Kingdom of Great Britain and Northern Ireland,2000,7000
United Republic of Tanzania,2018,142000
United Republic of Tanzania,2017,147000
United Republic of Tanzania,2016,152000
United Republic of Tanzania,2015,158000
United Republic of Tanzania,2014,163000
United Republic of Tanzania,2013,163000
United Republic of Tanzania,2012,178000
United Republic of Tanzania,2011,183000
United Republic of Tanzania,2010,189000
United Republic of Tanzania,2009,195000
United Republic of Tanzania,2008,199000
United Republic of Tanzania,2007,200000
United Republic of Tanzania,2006,199000
United Republic of Tanzania,2005,196000
United Republic of Tanzania,2004,191000
United Republic of Tanzania,2003,185000
United Republic of Tanzania,2002,180000
United Republic of Tanzania,2001,174000
United Republic of Tanzania,2000,168000
United States of America,2018,9800
United States of America,2017,10000
United States of America,2016,10000
United States of America,2015,10000
United States of America,2014,10000
United States of America,2013,10000
United States of America,2012,11000
United States of America,2011,12000
United States of America,2010,13000
United States of America,2009,13000
United States of America,2008,15000
United States of America,2007,15000
United States of America,2006,16000
United States of America,2005,16000
United States of America,2004,17000
United States of America,2003,17000
United States of America,2002,17000
United States of America,2001,18000
United States of America,2000,19000
Uruguay,2018,1200
Uruguay,2017,1100
Uruguay,2016,1000
Uruguay,2015,1000
Uruguay,2014,990
Uruguay,2013,1000
Uruguay,2012,930
Uruguay,2011,940
Uruguay,2010,800
Uruguay,2009,810
Uruguay,2008,790
Uruguay,2007,700
Uruguay,2006,640
Uruguay,2005,720
Uruguay,2004,840
Uruguay,2003,740
Uruguay,2002,620
Uruguay,2001,790
Uruguay,2000,740
Uzbekistan,2018,23000
Uzbekistan,2017,23000
Uzbekistan,2016,24000
Uzbekistan,2015,25000
Uzbekistan,2014,25000
Uzbekistan,2013,26000
Uzbekistan,2012,26000
Uzbekistan,2011,27000
Uzbekistan,2010,28000
Uzbekistan,2009,28000
Uzbekistan,2008,29000
Uzbekistan,2007,30000
Uzbekistan,2006,31000
Uzbekistan,2005,32000
Uzbekistan,2004,31000
Uzbekistan,2003,30000
Uzbekistan,2002,29000
Uzbekistan,2001,27000
Uzbekistan,2000,24000
Vanuatu,2018,130
Vanuatu,2017,150
Vanuatu,2016,160
Vanuatu,2015,170
Vanuatu,2014,160
Vanuatu,2013,160
Vanuatu,2012,160
Vanuatu,2011,160
Vanuatu,2010,160
Vanuatu,2009,170
Vanuatu,2008,170
Vanuatu,2007,170
Vanuatu,2006,170
Vanuatu,2005,170
Vanuatu,2004,170
Vanuatu,2003,140
Vanuatu,2002,130
Vanuatu,2001,230
Vanuatu,2000,200
Venezuela (Bolivarian Republic of),2018,14000
Venezuela (Bolivarian Republic of),2017,13000
Venezuela (Bolivarian Republic of),2016,10000
Venezuela (Bolivarian Republic of),2015,8900
Venezuela (Bolivarian Republic of),2014,8000
Venezuela (Bolivarian Republic of),2013,8200
Venezuela (Bolivarian Republic of),2012,8100
Venezuela (Bolivarian Republic of),2011,7900
Venezuela (Bolivarian Republic of),2010,8100
Venezuela (Bolivarian Republic of),2009,8100
Venezuela (Bolivarian Republic of),2008,8000
Venezuela (Bolivarian Republic of),2007,8100
Venezuela (Bolivarian Republic of),2006,8400
Venezuela (Bolivarian Republic of),2005,8600
Venezuela (Bolivarian Republic of),2004,8500
Venezuela (Bolivarian Republic of),2003,8400
Venezuela (Bolivarian Republic of),2002,7800
Venezuela (Bolivarian Republic of),2001,7800
Venezuela (Bolivarian Republic of),2000,8100
Viet Nam,2018,174000
Viet Nam,2017,178000
Viet Nam,2016,181000
Viet Nam,2015,185000
Viet Nam,2014,188000
Viet Nam,2013,192000
Viet Nam,2012,196000
Viet Nam,2011,200000
Viet Nam,2010,204000
Viet Nam,2009,208000
Viet Nam,2008,212000
Viet Nam,2007,216000
Viet Nam,2006,220000
Viet Nam,2005,223000
Viet Nam,2004,226000
Viet Nam,2003,229000
Viet Nam,2002,232000
Viet Nam,2001,234000
Viet Nam,2000,237000
Yemen,2018,14000
Yemen,2017,13000
Yemen,2016,13000
Yemen,2015,13000
Yemen,2014,12000
Yemen,2013,12000
Yemen,2012,12000
Yemen,2011,12000
Yemen,2010,12000
Yemen,2009,12000
Yemen,2008,13000
Yemen,2007,14000
Yemen,2006,15000
Yemen,2005,16000
Yemen,2004,17000
Yemen,2003,18000
Yemen,2002,19000
Yemen,2001,20000
Yemen,2000,20000
Zambia,2018,60000
Zambia,2017,61000
Zambia,2016,61000
Zambia,2015,62000
Zambia,2014,63000
Zambia,2013,65000
Zambia,2012,66000
Zambia,2011,67000
Zambia,2010,67000
Zambia,2009,68000
Zambia,2008,69000
Zambia,2007,69000
Zambia,2006,70000
Zambia,2005,71000
Zambia,2004,73000
Zambia,2003,75000
Zambia,2002,76000
Zambia,2001,78000
Zambia,2000,79000
Zimbabwe,2018,30000
Zimbabwe,2017,31000
Zimbabwe,2016,33000
Zimbabwe,2015,33000
Zimbabwe,2014,38000
Zimbabwe,2013,41000
Zimbabwe,2012,47000
Zimbabwe,2011,50000
Zimbabwe,2010,53000
Zimbabwe,2009,56000
Zimbabwe,2008,60000
Zimbabwe,2007,65000
Zimbabwe,2006,68000
Zimbabwe,2005,71000
Zimbabwe,2004,73000
Zimbabwe,2003,74000
Zimbabwe,2002,74000
Zimbabwe,2001,74000
Zimbabwe,2000,72000
